url	program	title	upvotes	bounty_usd
https://hackerone.com/reports/1087489	Shopify	Github access token exposure	1498	50000
https://hackerone.com/reports/591813	Uber	[Pre-Submission][H1-4420-2019] API access to Phabricator on code.uberinternal.com from leaked certificate in git repo	429	40000
https://hackerone.com/reports/2293343	GitLab	Account Takeover via Password Reset without user interactions	901	35000
https://hackerone.com/reports/992564	Mail.ru	Незащищённый экземпляр Zeppelin 	169	35000
https://hackerone.com/reports/1679624	GitLab	Remote Command Execution via Github import	378	33510
https://hackerone.com/reports/1609965	GitLab	RCE via the DecompressedArchiveSizeValidator and Project BulkImports (behind feature flag)	367	33510
https://hackerone.com/reports/925585	PayPal	RCE via npm misconfig -- installing internal libraries from the public registry	927	30000
https://hackerone.com/reports/1439593	GitLab	Arbitrary file read  via the bulk imports UploadsPipeline	321	29000
https://hackerone.com/reports/455645	Snapchat	Exposed Kubernetes API - RCE/Exposed Creds	1181	25000
https://hackerone.com/reports/3000510	HackerOne	The /reports/:id.json endpoint discloses potentially sensitive user attributes when reporter summary is present	612	25000
https://hackerone.com/reports/383127	Valve	SQL Injection in report_xml.php through countryFilter[] parameter	398	25000
https://hackerone.com/reports/1618347	HackerOne	Disclosing  PolicyPageAssetGroup in Private Programs via /graphql `gid://hackerone/PolicyPageAssetGroupsIndex::PolicyPageAssetGroup/{id}`	275	25000
https://hackerone.com/reports/1685822	GitLab	RepositoryPipeline allows importing of local git repos	81	22300
https://hackerone.com/reports/2281075	Teleport	access list owner can escalate his role to the highest roles	255	21000
https://hackerone.com/reports/591295	X / xAI	Potential pre-auth RCE on Twitter VPN	1234	20160
https://hackerone.com/reports/510152	PayPal	Bypass for #488147 enables stored XSS on https://paypal.com/signin again	2671	20000
https://hackerone.com/reports/745324	HackerOne	Account takeover via leaked session cookie	1620	20000
https://hackerone.com/reports/827052	GitLab	Arbitrary file read via the UploadsRewriter when moving and issue	1495	20000
https://hackerone.com/reports/391217	Valve	Getting all the CD keys of any game	632	20000
https://hackerone.com/reports/141956	Pornhub	[phpobject in cookie] Remote shell/command execution	607	20000
https://hackerone.com/reports/1154542	GitLab	RCE when removing metadata with ExifTool	504	20000
https://hackerone.com/reports/1125425	GitLab	RCE via unsafe inline Kramdown options when rendering certain Wiki pages	425	20000
https://hackerone.com/reports/1379975	PlayStation	bd-j exploit chain	295	20000
https://hackerone.com/reports/743953	GitLab	Steal private objects of other projects via project import	244	20000
https://hackerone.com/reports/767770	GitLab	Private objects exposed through project import	126	20000
https://hackerone.com/reports/488147	PayPal	Stored XSS on https://paypal.com/signin via cache poisoning	682	18900
https://hackerone.com/reports/170532	LocalTapiola	Oracle Webcenter Sites administrative and hi-privilege access available directly from the internet (/cs/Satellite)	264	18000
https://hackerone.com/reports/1406938	Dropbox	Full Response SSRF via Google Drive	302	17576
https://hackerone.com/reports/1212067	GitLab	Stored XSS in markdown via the DesignReferenceFilter 	314	16000
https://hackerone.com/reports/1132378	GitLab	Arbitrary file read during project import	193	16000
https://hackerone.com/reports/739737	PayPal	Token leak in security challenge flow allows retrieving victim's PayPal email and plain text password	1402	15300
https://hackerone.com/reports/300305	Shopify	Ability to bypass partner email confirmation to take over any store given an employee email	268	15250
https://hackerone.com/reports/1819832	Snapchat	Delete anyone's content spotlight remotely.	782	15000
https://hackerone.com/reports/873614	PlayStation	Websites Can Run Arbitrary Code on Machines Running the 'PlayStation Now' Application	776	15000
https://hackerone.com/reports/868436	Mail.ru	Time-Based SQL injection at city-mobil.ru	631	15000
https://hackerone.com/reports/231460	Snapchat	Open prod Jenkins instance	433	15000
https://hackerone.com/reports/1024899	Mail.ru	file read on MCS servers via supplying a QCOW2 image with external backing file	222	15000
https://hackerone.com/reports/1328546	TikTok	Incorrect authorization to the intelbot service leading to ticket information	216	15000
https://hackerone.com/reports/1177451	Mail.ru	[mcs.mail.ru] Пользователь с ролью наблюдателя может создавать ключи доступа для очереди сообщений (sqs.mcs.mail.ru)	147	15000
https://hackerone.com/reports/911606	Snapchat	Leaked JFrog Artifactory  username and password exposed on GitHub - https://snapchat.jfrog.io	134	15000
https://hackerone.com/reports/3018307	Cosmos	Groups module can halt chain when handling a proposal with malicious group weights 	85	15000
https://hackerone.com/reports/1731349	GitLab	Stored XSS via Kroki diagram	293	13950
https://hackerone.com/reports/1481207	GitLab	Stored XSS in Notes (with CSP bypass for gitlab.com)	160	13950
https://hackerone.com/reports/1578400	GitLab	New /add_contacts /remove_contacts quick commands susseptible to XSS from Customer Contact firstname/lastname fields	91	13950
https://hackerone.com/reports/1542510	GitLab	XSS in ZenTao integration affecting self hosted instances without strict CSP	81	13950
https://hackerone.com/reports/1685970	Stripe	Mass Accounts Takeover Without any user Interaction  at https://app.taxjar.com/ 	202	13000
https://hackerone.com/reports/2032716	HackerOne	An attacker can can view any hacker email via  /SaveCollaboratorsMutation operation name 	422	12500
https://hackerone.com/reports/2122671	HackerOne	IDOR - Delete all Licenses and certifications from users account using CreateOrUpdateHackerCertification GraphQL query	378	12500
https://hackerone.com/reports/186230	HackerOne	Internal attachments can be exported via "Export as .zip" feature	267	12500
https://hackerone.com/reports/838635	LY Corporation	Spring Actuator endpoints publicly available and broken authentication	232	12500
https://hackerone.com/reports/3113398	HackerOne	Internal Access to Hackerone confluence Docs	221	12500
https://hackerone.com/reports/2177925	PlayStation	Remote vulnerabilities in spp	193	12500
https://hackerone.com/reports/3287208	HackerOne	DOS via Mutation Aliasing in GraphQL Account Recovery Phone Number Verification API	117	12500
https://hackerone.com/reports/658013	GitLab	Git flag injection - local file overwrite to remote code execution	777	12000
https://hackerone.com/reports/587854	GitLab	Local files could be overwritten in GitLab, leading to remote command execution	540	12000
https://hackerone.com/reports/689314	GitLab	Project Template functionality can be used to copy private project data, such as repository, confidential issues, snippets, and merge requests	455	12000
https://hackerone.com/reports/509924	GitLab	JSON serialization of any Project model results in all Runner tokens being exposed through Quick Actions	363	12000
https://hackerone.com/reports/894569	GitLab	An attacker can run pipeline jobs as arbitrary user	307	12000
https://hackerone.com/reports/2443228	TikTok	Account Takeover via Authentication Bypass in TikTok Account Recovery	164	12000
https://hackerone.com/reports/733072	GitLab	Path traversal, to RCE	140	12000
https://hackerone.com/reports/822262	GitLab	Path traversal in Nuget Package Registry	87	12000
https://hackerone.com/reports/1043385	LY Corporation	Arbitrary Code Execution via npm misconfiguration – installing internal libraries from the public registry	286	11500
https://hackerone.com/reports/446585	GitLab	Exfiltrate and mutate repository and project data through injected templated service	756	11000
https://hackerone.com/reports/415081	PayPal	IDOR to add secondary users in www.paypal.com/businessmanage/users/api/v1/users	778	10500
https://hackerone.com/reports/976603	Superhuman (formerly Grammarly)	Ability to DOS any organization's SSO and open up the door to account takeovers	251	10500
https://hackerone.com/reports/826026	PlayStation	Use-After-Free In IPV6_2292PKTOPTIONS leading To Arbitrary Kernel R/W Primitives	741	10000
https://hackerone.com/reports/663628	Snapchat	Access to multiple production Grafana dashboards	460	10000
https://hackerone.com/reports/850447	GitLab	gitlab-workhorse bypass in Gitlab::Middleware::Multipart allowing files in `allowed_paths` to be read	409	10000
https://hackerone.com/reports/513236	Mail.ru	touch.mail.ru / e.mail.ru memory content disclosure	409	10000
https://hackerone.com/reports/881901	Mail.ru	SQL injection at fleet.city-mobil.ru	372	10000
https://hackerone.com/reports/518637	Mail.ru	RCE on shared.mail.ru due to "widget" plugin	359	10000
https://hackerone.com/reports/826361	GitLab	SSRF on project import via the remote_attachment_url on a Note	353	10000
https://hackerone.com/reports/182358	HackerOne	Partial disclosure of report activity through new "Export as .zip" feature	352	10000
https://hackerone.com/reports/307239	Coinbase	Double Payout via PayPal	316	10000
https://hackerone.com/reports/943231	PlayStation	SOCK_RAW sockets reachable from Webkit process allows triggering double free in IP6_EXTHDR_CHECK	298	10000
https://hackerone.com/reports/188719	HackerOne	Information Disclosure in /skills call	283	10000
https://hackerone.com/reports/1340942	PlayStation	size_t-to-int vulnerability in exFAT leads to memory corruption via malformed USB flash drives	278	10000
https://hackerone.com/reports/1312641	Pornhub	Deserialization of untrusted data at https://www.redtube.com/media/hls?s=data	271	10000
https://hackerone.com/reports/542180	Valve	Malformed NAV file leads to buffer overflow and code execution in Left4Dead2.exe	268	10000
https://hackerone.com/reports/3124517	GitHub	Arbitrary Read of Another Users private repository without Authorization	256	10000
https://hackerone.com/reports/2900606	PlayStation	sys_fsc2h_ctrl kernel stack free	232	10000
https://hackerone.com/reports/72243	Pornhub	Publicly exposed SVN repository, ht.pornhub.com	211	10000
https://hackerone.com/reports/418767	HackerOne	Hacker can bypass 2FA requirement and reporter blacklist through embedded submission form	203	10000
https://hackerone.com/reports/977212	Mail.ru	read new emails from any inbox IOS APP in notification center	186	10000
https://hackerone.com/reports/1901040	GitHub	Authentication bypass on gist.github.com through SSH Certificates	176	10000
https://hackerone.com/reports/1497169	GitHub	CSRF protection bypass in GitHub Enterprise management console	149	10000
https://hackerone.com/reports/1441103	PlayStation	Use-after-free in setsockopt IPV6_2292PKTOPTIONS (CVE-2020-7457)	141	10000
https://hackerone.com/reports/125980	Uber	uber.com may RCE by Flask Jinja2 Template Injection	132	10000
https://hackerone.com/reports/1058879	Zilliqa	Using gossip to drain miner wallets	111	10000
https://hackerone.com/reports/136169	Uber	OneLogin authentication bypass on WordPress sites	57	10000
https://hackerone.com/reports/1168765	Elastic	RCE hazard in reporting (via Chromium)	25	10000
https://hackerone.com/reports/187305	shopify-scripts	Invalid handling of zero-length heredoc identifiers leads to infinite loop in the sandbox	23	10000
https://hackerone.com/reports/186723	shopify-scripts	Crash: Overwriting NoMethodError with a builtin class crashes/corrupts memory	20	10000
https://hackerone.com/reports/622122	PayPal	DoS on PayPal via web cache poisoning	848	9700
https://hackerone.com/reports/1444682	Shopify	XSS at jamfpro.shopifycloud.com	236	9400
https://hackerone.com/reports/1007014	Uber	RCE via npm misconfig -- installing internal libraries from the public registry	325	9000
https://hackerone.com/reports/584603	Valve	RCE on CS:GO client using unsanitized entity ID in EntityMsg message	207	9000
https://hackerone.com/reports/2107680	Basecamp	AWS keys and user cookie leakage via uninitialized memory leak in outdated librsvg version in Basecamp	245	8868
https://hackerone.com/reports/1533976	GitLab	Content injection in Jira issue title enabling sending arbitrary POST request as victim	54	8690
https://hackerone.com/reports/1409788	GitLab	Arbitrary POST request as victim user from HTML injection in Jupyter notebooks	54	8690
https://hackerone.com/reports/223014	Uber	SAML Authentication Bypass on uchat.uberinternal.com	87	8500
https://hackerone.com/reports/863983	Mail.ru	Cross-organization data access in city-mobil.ru	374	8000
https://hackerone.com/reports/852306	Mail.ru	SQL LIKE clauses wildcard injection	217	8000
https://hackerone.com/reports/136885	Uber	[CRITICAL] -- Complete Account Takeover	87	8000
https://hackerone.com/reports/1707287	Internet Bug Bounty	CVE-2022-40604: Apache Airflow: Format String Vulnerability	86	8000
https://hackerone.com/reports/2255750	Mozilla	Remote code execution and exfiltration of secret tokens by poisoning the mozilla/fxa CI build cache	57	8000
https://hackerone.com/reports/394329	Chaturbate	Account Takeover via billing	54	8000
https://hackerone.com/reports/1543718	GitLab	DOS via issue preview	25	7640
https://hackerone.com/reports/807448	HackerOne	Customer private program can disclose email any users through invited via username	587	7500
https://hackerone.com/reports/409850	Valve	XSS in steam react chat client	487	7500
https://hackerone.com/reports/1295844	Valve	Modify in-flight data to payment provider Smart2Pay	431	7500
https://hackerone.com/reports/1211724	Basecamp	HTTP Request Smuggling via HTTP/2	298	7500
https://hackerone.com/reports/2967634	Reddit	Exposed proxy allows to access internal reddit domains	281	7500
https://hackerone.com/reports/265943	Snapchat	Stealing SSO Login Tokens (snappublisher.snapchat.com)	241	7500
https://hackerone.com/reports/131450	Uber	Stored XSS in developer.uber.com	223	7500
https://hackerone.com/reports/807772	Valve	OOB reads in network message handlers leads to RCE	214	7500
https://hackerone.com/reports/1180252	Valve	Buffer overrun in Steam SILK voice decoder	188	7500
https://hackerone.com/reports/818972	Mail.ru	SQL Injection [unauthenticated] with direct output at https://news.mail.ru/	156	7500
https://hackerone.com/reports/463286	Valve	Specially Crafted Closed Captions File can lead to Remote Code Execution in CS:GO and other Source Games	109	7500
https://hackerone.com/reports/1785260	Cloudflare Public Bug Bounty	Using special IPv4-mapped IPv6 addresses to bypass local IP ban	77	7500
https://hackerone.com/reports/1070835	Valve	CS:GO Server -> Client RCE through OOB access in CSVCMsg_SplitScreen + Info leak in HTTP download	66	7500
https://hackerone.com/reports/876719	Valve	Signedness issue in ClassInfo message handler leads to RCE on CS:GO client	35	7500
https://hackerone.com/reports/682442	GitLab	Git flag injection - Search API with scope 'blobs' 	128	7000
https://hackerone.com/reports/138869	Uber	OneLogin authentication bypass on WordPress sites via XMLRPC	81	7000
https://hackerone.com/reports/130133	Slack	Access to some Slack workspace metadata and settings available to unauthorized parties	60	7000
https://hackerone.com/reports/1590794	Dropbox	Abuse cookie-modification, toast HTML and expired domain in CSP-form-action replacing login-page at www.dropbox.com/login to submit creds externally	47	6909
https://hackerone.com/reports/617543	Uber	Arbitrary File Reading on Uber SSL VPN	38	6500
https://hackerone.com/reports/1372667	Basecamp	Able to steal bearer token from deep link	108	6337
https://hackerone.com/reports/1258871	Shopify	Exposed Cortex API at https://cortex-ingest.shopifycloud.com/	94	6300
https://hackerone.com/reports/1960765	Reddit	Blind SSRF to internal services in matrix preview_link API	332	6000
https://hackerone.com/reports/505947	Mail.ru	XXE on pulse.mail.ru	264	6000
https://hackerone.com/reports/2995025	Mozilla	Mozilla VPN Clients: RCE via file write and path traversal	166	6000
https://hackerone.com/reports/1418891	Aiven Ltd	Apache Flink RCE via GET jar/plan API Endpoint	127	6000
https://hackerone.com/reports/1478633	Cloudflare Public Bug Bounty	HTTP Request Smuggling in Transform Rules using hexadecimal escape sequences in the concat() function	114	6000
https://hackerone.com/reports/217739	Uber	Stored XSS on any page in most Uber domains	107	6000
https://hackerone.com/reports/512973	Mail.ru	Open Selenoid instance at 188.93.63.186 leads to LFR/SSRF.	93	6000
https://hackerone.com/reports/1419341	Cloudflare Public Bug Bounty	Hijack all emails sent to any domain that uses Cloudflare Email Forwarding	74	6000
https://hackerone.com/reports/256152	Uber	Possibility to inject a malicious JavaScript code in any file on tags.tiqcdn.com results in a stored XSS on any page in most Uber domains	51	6000
https://hackerone.com/reports/518641	Mail.ru	LRF on shared.mail.ru due to "markdown" plugin	40	6000
https://hackerone.com/reports/1145428	Uber	Chain of vulnerabilities in Uber for Business Vouchers program allows for attacker to perform arbitrary charges to victim's U4B payment account	56	5750
https://hackerone.com/reports/1148364	GitLab	Mint Oauth2 access token for targeted user	132	5580
https://hackerone.com/reports/2520679	Internet Bug Bounty	Possible DoS Vulnerability with Range Header in Rack	56	5420
https://hackerone.com/reports/1276742	Shopify	Stored XSS in SVG file as data: url	147	5300
https://hackerone.com/reports/1147433	Shopify	Stored XSS in /admin/product and /admin/collections	73	5300
https://hackerone.com/reports/188086	Brave Software	Sending arbitrary IPC messages via overriding Function.prototype.apply	53	5300
https://hackerone.com/reports/1439026	X / xAI	Discoverability by phone number/email restriction bypass	211	5040
https://hackerone.com/reports/365271	Basecamp	Remote code execution on Basecamp.com	415	5000
https://hackerone.com/reports/496937	Superhuman (formerly Grammarly)	Employee's GitHub Token Found In Travis CI Build Logs	405	5000
https://hackerone.com/reports/1962645	Reddit	[accounts.reddit.com] Redirect parameter allows for XSS	391	5000
https://hackerone.com/reports/982291	Basecamp	HEY.com email stored XSS	357	5000
https://hackerone.com/reports/786044	Mail.ru	[windows10.hi-tech.mail.ru]  Blind SQL Injection 	330	5000
https://hackerone.com/reports/1930763	Reddit	RichText parser vulnerability in scheduled posts allows XSS	276	5000
https://hackerone.com/reports/1213237	Reddit	Deleting all DMs on RedditGifts.com	260	5000
https://hackerone.com/reports/1849626	Stripe	Fee discounts can be redeemed many times, resulting in unlimited fee-free transactions	258	5000
https://hackerone.com/reports/426944	Keybase	Linux privilege escalation via trusted $PATH in keybase-redirector 	245	5000
https://hackerone.com/reports/957881	Mail.ru	HTTP request smuggling (?) canpol.deti.mail.ru	241	5000
https://hackerone.com/reports/470380	Mail.ru	Cross application scripting via account.mail.ru	205	5000
https://hackerone.com/reports/713006	Keybase	Keybase client (Windows 10): Write files anywhere in userland using relative path in "download attachement" feature	196	5000
https://hackerone.com/reports/1551176	Reddit	Able to bypass email verification and change email to any other user email 	194	5000
https://hackerone.com/reports/2352968	TikTok	Reflected XSS on Pangle Endpoint 	192	5000
https://hackerone.com/reports/1543159	Reddit	Able to approve admin approval and change effective status without adding payment details . 	187	5000
https://hackerone.com/reports/299728	HackerOne	Markdown parsing issue enables insertion of malicious tags and event handlers	183	5000
https://hackerone.com/reports/2207248	Shopify	IDOR on GraphQL queries BillingDocumentDownload and BillDetails	175	5000
https://hackerone.com/reports/733267	Valve	[Portal 2] Remote Code Execution via voice packets	172	5000
https://hackerone.com/reports/1549206	Reddit	Reflected xss in https://sh.reddit.com	162	5000
https://hackerone.com/reports/1658418	Reddit	Getting access of mod logs from any public or restricted subreddit with IDOR vulnerability	153	5000
https://hackerone.com/reports/862589	LY Corporation	Spring Actuator endpoints publicly available, leading to account takeover	142	5000
https://hackerone.com/reports/3104356	PlayStation	Blu-ray Disc Java Sandbox Escape via two vulnerabilities 	135	5000
https://hackerone.com/reports/1409727	Lark Technologies	Full read SSRF via Lark Docs `import as docs` feature 	123	5000
https://hackerone.com/reports/2105808	Rootstock Labs	DOS of RSKJ server	120	5000
https://hackerone.com/reports/1104874	Basecamp	Insecure Bundler configuration fetching internal Gems (okra) from Rubygems.org	101	5000
https://hackerone.com/reports/266766	Grab	Access Grab_Road BigData Database via Open Presto coordinator	95	5000
https://hackerone.com/reports/795291	Mail.ru	turboslim.lady.mail.ru - Blind sql-injection.	93	5000
https://hackerone.com/reports/232174	Shopify	XSS on $shop$.myshopify.com/admin/ and partners.shopify.com via whitelist bypass in SVG icon for sales channel applications	86	5000
https://hackerone.com/reports/1256375	Shopify	Blog posts atom feed of a  store with password protection  can be accessed by anyone 	76	5000
https://hackerone.com/reports/1024773	Mail.ru	SQL injection  delivery-club.ru (ClickHouse)	76	5000
https://hackerone.com/reports/470041	Mail.ru	Дюп предметов lootdog и возможность их продавать.	73	5000
https://hackerone.com/reports/189192	Pornhub	Unsecured DB instance	73	5000
https://hackerone.com/reports/1200647	Aiven Ltd	Grafana RCE via SMTP server parameter injection	72	5000
https://hackerone.com/reports/135154	LocalTapiola	Blind Stored XSS Against Lahitapiola Employees - Session and Information leakage	70	5000
https://hackerone.com/reports/2231019	Kubernetes	CVE-2023-5528: Insufficient input sanitization in in-tree storage plugin leads to privilege escalation on Windows nodes	66	5000
https://hackerone.com/reports/300779	Uber	Hack The World 2017 Top 2 Bonus	61	5000
https://hackerone.com/reports/331040	VK.com	Определение id по номеру телефона	60	5000
https://hackerone.com/reports/1438052	Cosmos	Race condition in faucet when using starport	57	5000
https://hackerone.com/reports/1547877	Aiven Ltd	[Kafka Connect] [JdbcSinkConnector][HttpSinkConnector] RCE by leveraging file upload via SQLite JDBC driver and SSRF to internal Jolokia	56	5000
https://hackerone.com/reports/836649	GitLab	Stored XSS in markdown when redacting references	50	5000
https://hackerone.com/reports/537550	Open-Xchange	Memory corruption in imap-parser.c	46	5000
https://hackerone.com/reports/1529790	Aiven Ltd	Kafka Connect RCE via connector SASL  JAAS JndiLoginModule configuration	44	5000
https://hackerone.com/reports/386587	Augur	Augur UI data can be completely replaced by an attacker which can lead to fund and reputation loss 	40	5000
https://hackerone.com/reports/152067	Uber	Stored XSS on developer.uber.com via admin account compromise	37	5000
https://hackerone.com/reports/56385	Internet Bug Bounty	Double free vulnerability in Flash Player Settings Manager (CVE-2015-0346)	35	5000
https://hackerone.com/reports/125505	Uber	Possibility to brute force invite codes in riders.uber.com	35	5000
https://hackerone.com/reports/377398	Augur	A miner can manipulate the gas reporting bond	34	5000
https://hackerone.com/reports/950507	Mail.ru	Possible access to the car's photo and registration by its ID on [fleet.city-mobil.ru]	31	5000
https://hackerone.com/reports/138101	Pornhub	Weak user aunthentication on mobile application - I just broken userKey secret password	29	5000
https://hackerone.com/reports/776017	Kubernetes	Half-Blind SSRF found in kube/cloud-controller-manager can be upgraded to complete SSRF (fully crafted HTTP requests) in vendor managed k8s service.	21	5000
https://hackerone.com/reports/49652	HackerOne	Improperly validated fields allows injection of arbitrary HTML via spoofed React objects	21	5000
https://hackerone.com/reports/2586226	Internet Bug Bounty	CVE-2024-34750 Apache Tomcat DoS vulnerability in HTTP/2 connector	60	4920
https://hackerone.com/reports/2585381	Internet Bug Bounty	important: Apache HTTP Server weakness with encoded question marks in backreferences (CVE-2024-38474)	50	4920
https://hackerone.com/reports/2585385	Internet Bug Bounty	important: Apache HTTP Server on WIndows UNC SSRF (CVE-2024-38472)	44	4920
https://hackerone.com/reports/2585376	Internet Bug Bounty	important: Apache HTTP Server may use exploitable/malicious backend application output to run local handlers via internal redirect (CVE-2024-38476)	31	4920
https://hackerone.com/reports/2585378	Internet Bug Bounty	important: Apache HTTP Server weakness in mod_rewrite when first segment of substitution matches filesystem path. (CVE-2024-38475)	30	4920
https://hackerone.com/reports/2585375	Internet Bug Bounty	important: Apache HTTP Server: Crash resulting in Denial of Service in mod_proxy via a malicious request (CVE-2024-38477)	26	4920
https://hackerone.com/reports/923132	Dropbox	Server Side Request Forgery (SSRF) at app.hellosign.com leads to AWS private keys disclosure	360	4913
https://hackerone.com/reports/1428385	Dropbox	Send Fax from Anyone's HelloFax Account Due to Misconfigured Email Validation	85	4913
https://hackerone.com/reports/881557	Slack	Stored XSS through PDF viewer	73	4875
https://hackerone.com/reports/2438265	Internet Bug Bounty	CVE-2024-27281: RCE vulnerability with .rdoc_options in RDoc	87	4860
https://hackerone.com/reports/2429894	Internet Bug Bounty	Libuv: Improper Domain Lookup that potentially leads to SSRF attacks	74	4860
https://hackerone.com/reports/2334401	Internet Bug Bounty	Denial of Service caused by HTTP/2 CONTINUATION Flood	42	4860
https://hackerone.com/reports/2280391	Internet Bug Bounty	Possibility of Request smuggling attack	92	4660
https://hackerone.com/reports/2327341	Internet Bug Bounty	CVE-2024-21733 Apache Tomcat HTTP Request Smuggling (Client- Side Desync) (CWE: 444)	57	4660
https://hackerone.com/reports/2299692	Internet Bug Bounty	Request Smuggling in Apache Tomcat (Important, CVE-2023-45648)	50	4660
https://hackerone.com/reports/2326194	Internet Bug Bounty	Argo CD CSRF leads to Kubernetes cluster compromise	34	4660
https://hackerone.com/reports/1625652	GitHub	Delimiter injection in GitHub Actions core.exportVariable	39	4617
https://hackerone.com/reports/403616	Eternal	[www.zomato.com] SQLi - /php/██████████ - item_id	321	4500
https://hackerone.com/reports/530441	Uber	Unauthorized access to █████████.com allows access to Uber Brazil tax documents and system.	207	4500
https://hackerone.com/reports/273946	Grab	www.drivegrab.com SQL injection	200	4500
https://hackerone.com/reports/508184	GitLab	Persistent XSS in Note objects	138	4500
https://hackerone.com/reports/746024	LY Corporation	SSRF on music.line.me through getXML.php	133	4500
https://hackerone.com/reports/1897443	TikTok	1 Click to 'Close Account and Refund' via POSTMESSAGE	79	4500
https://hackerone.com/reports/1196124	GitHub Security Lab	[Python] CWE-400: Regular Expression Injection	72	4500
https://hackerone.com/reports/1094343	GitHub Security Lab	[Java] CWE-326: Query to detect weak encryption with an insufficient key size	41	4500
https://hackerone.com/reports/1212273	GitHub Security Lab	[Python] CWE-090: LDAP Injection 	33	4500
https://hackerone.com/reports/1287573	GitHub Security Lab	Java: Unsafe deserialization with Jackson	26	4500
https://hackerone.com/reports/1118508	GitHub Security Lab	Java: Query for detecting JEXL injections	20	4500
https://hackerone.com/reports/3082917	Internet Bug Bounty	Possible Sensitive Session Information Leak in Active Storage	82	4323
https://hackerone.com/reports/3031518	Internet Bug Bounty	CVE-2025-24813: Remote Code Execution and/or Information disclosure and/or malicious content added to uploaded files via write enabled Default Servlet	55	4323
https://hackerone.com/reports/2646493	Internet Bug Bounty	CVE-2024-42005: Potential SQL injection in QuerySet.values() and values_list()	51	4263
https://hackerone.com/reports/1714979	Internet Bug Bounty	DNS rebinding in --inspect (insufficient fix of CVE-2022-32212 affecting macOS devices)	46	4200
https://hackerone.com/reports/2051931	inDrive	Blind SQL injection on id.indrive.com	194	4134
https://hackerone.com/reports/340431	Uber	Reflected XSS and sensitive data exposure, including payment details, on lioncityrentals.com.sg	376	4000
https://hackerone.com/reports/807440	GitHub Security Lab	Java (Maven): Actually fix the use of insecure protocol to download/upload artifacts	283	4000
https://hackerone.com/reports/398799	GitLab	Unauthenticated blind SSRF in OAuth Jira authorization controller	233	4000
https://hackerone.com/reports/894325	Razer	[api.easy2pay.co]  SQL Injection at fortumo via TransID parameter [Bypassing Signature Validation🔥]	232	4000
https://hackerone.com/reports/722337	Mail.ru	Access to Tarantool	155	4000
https://hackerone.com/reports/1170024	Nextcloud	Attacker can obtain write access to any federated share/public link	142	4000
https://hackerone.com/reports/294911	Mapbox	Admin Panel Accessed (OAuth Bypassed ) 	131	4000
https://hackerone.com/reports/671935	Slack	SSRF via Office file thumbnails	104	4000
https://hackerone.com/reports/1394916	Internet Bug Bounty	Path traversal and file disclosure vulnerability in Apache HTTP Server 2.4.49	95	4000
https://hackerone.com/reports/150156	Uber	SQL Injection on sctrack.email.uber.com.cn	90	4000
https://hackerone.com/reports/430463	Keybase	Keybase client: downloaded executables lack "com.apple.quarantine" meta-attribute [macOS]	77	4000
https://hackerone.com/reports/1667974	Internet Bug Bounty	Pause-based desync in Apache HTTPD	72	4000
https://hackerone.com/reports/2505761	GitHub	Information Leakage via Clicked Link in GitHub Repository (Fingerprinting)	71	4000
https://hackerone.com/reports/1776476	Internet Bug Bounty	CVE-2022-40127: RCE in Apache Airflow <2.4.0 bash example	60	4000
https://hackerone.com/reports/1619604	GitHub	DoS via markdown API from unauthenticated user	54	4000
https://hackerone.com/reports/1929567	Internet Bug Bounty	ReDoS( Ruby, Time)	51	4000
https://hackerone.com/reports/363636	Rootstock Labs	DoS through PeerExplorer	50	4000
https://hackerone.com/reports/1628209	U.S. Dept Of Defense	SSRF in Functional Administrative Support Tool pdf generator (████) [HtUS]	45	4000
https://hackerone.com/reports/1637621	GitHub	Command injection in GitHub Actions ContainerStepHost	32	4000
https://hackerone.com/reports/1549636	Internet Bug Bounty	CVE-2022-28738: Double free in Regexp compilation	26	4000
https://hackerone.com/reports/1518036	Internet Bug Bounty	Regexes with large repetitions on empty sub-expressions take a very long time to parse	25	4000
https://hackerone.com/reports/946728	GitLab	SafeParamsHelper::safe_params is not so safe	24	4000
https://hackerone.com/reports/1903322	Shipt	Improper Access Control + Financial fraud allows attacker to disclose + add arbitrary products to another's user's order 	79	3900
https://hackerone.com/reports/1695604	Shopify	DoS Vulnerability via Cache Poisoning on cdn.shopify.com and shopify-assets.shopifycdn.com	254	3800
https://hackerone.com/reports/815085	HackerOne	Account creation with invalid email addresses / email is accepting % and %0d%0a line termination chars	173	3750
https://hackerone.com/reports/630462	PuTTY (European Commission - DIGIT)	Heap overflow happen when receiving short length key from ssh server using ssh protocol 1	308	3646
https://hackerone.com/reports/2453328	Internet Bug Bounty	Assertion failed in node::http2::Http2Session::~Http2Session() leads to HTTP/2 server crash	39	3645
https://hackerone.com/reports/333419	Slack	TURN server allows TCP and UDP proxying to internal network, localhost and meta-data services	320	3500
https://hackerone.com/reports/662287	GitLab	Cross-site Scripting (XSS) - Stored in RDoc wiki pages	282	3500
https://hackerone.com/reports/2885269	Shopify	Shopify Partners Invitation Process Allows Privilege Escalation Without Email Verification	232	3500
https://hackerone.com/reports/653125	GitLab	Git flag injection leading to file overwrite and potential remote code execution	169	3500
https://hackerone.com/reports/460545	GitLab	information disclosure of secret_key_base via encoding charcters	145	3500
https://hackerone.com/reports/374737	HackerOne	Blind SSRF on errors.hackerone.net due to Sentry misconfiguration	140	3500
https://hackerone.com/reports/1363672	Shopify	Bypass a fix for report #708013	102	3500
https://hackerone.com/reports/1410459	Shopify	Reflected XSS online-store-git.shopifycloud.com	98	3500
https://hackerone.com/reports/450796	PayPal	XSSI on refer.xoom.com allows stealing email addresses and posting to Twitter on behalf of victim	81	3500
https://hackerone.com/reports/1134687	Mail.ru	Blind SQL in id_locality GET param on [city-mobil.ru/taxiserv]	55	3500
https://hackerone.com/reports/723307	GitLab	Stored XSS in merge request pages	52	3500
https://hackerone.com/reports/1378889	Slack	[Android] Directory traversal leading to disclosure of auth tokens	49	3500
https://hackerone.com/reports/267161	Pornhub	Unsecured Elasticsearch Instance	36	3500
https://hackerone.com/reports/1133083	Mail.ru	Blind SQL injection on [city-mobil.ru/taxiserv/] in filter{"id_locality"}	30	3500
https://hackerone.com/reports/255510	Mail.ru	При передаче в ID сообщения нулевого байта, происходит вывод какого-то буфера.	23	3500
https://hackerone.com/reports/2256167	Internet Bug Bounty	Path traversal through path stored in Uint8Array in Node.js 20	44	3495
https://hackerone.com/reports/2375446	Internet Bug Bounty	http: Reading unprocessed HTTP request with unbounded chunk extension allows DoS attacks	40	3495
https://hackerone.com/reports/1122408	GitLab	CSRF on /api/graphql allows executing mutations through GET requests	85	3370
https://hackerone.com/reports/1952124	Cloudflare Public Bug Bounty	Cloudflare CASB Confused Deputy Problem	96	3300
https://hackerone.com/reports/1534636	Flickr	Stored XSS in photos_user_map.gne	54	3263
https://hackerone.com/reports/1330529	Eternal	Claiming the listing of a non-delivery restaurant through OTP manipulation	105	3250
https://hackerone.com/reports/1086108	Shopify	[h1-2102] FQDN takeover on all Shopify wholesale customer domains by trailing dot (RFC 1034)	164	3100
https://hackerone.com/reports/1575912	Cloudflare Public Bug Bounty	HTTP request smuggling with Origin Rules using newlines in the host_header action parameter	46	3100
https://hackerone.com/reports/498052	New Relic	Password theft login.newrelic.com via Request Smuggling	490	3000
https://hackerone.com/reports/854032	Mail.ru	Unrestricted file upload on [ambassador.mail.ru] 	404	3000
https://hackerone.com/reports/922456	GitLab	Ability to bypass email verification for OAuth grants results in accounts takeovers on 3rd parties	254	3000
https://hackerone.com/reports/1864188	EXNESS	SSRF in graphQL query (pwapi.ex2b.com)	251	3000
https://hackerone.com/reports/513154	Valve	Unchecked weapon id in WeaponList message parser on client leads to RCE	229	3000
https://hackerone.com/reports/1966006	Unikrn	An IDOR that can lead to enumeration of a user and disclosure of email and phone number within cashier	226	3000
https://hackerone.com/reports/1103582	HackerOne	HackerOne Jira integration plugin Leaked JWT to unauthorized jira users	205	3000
https://hackerone.com/reports/421859	Shopify	H1514 [*.(my)shopify.com] - Viewing Password Protected Content	191	3000
https://hackerone.com/reports/892049	Lark Technologies	Stored XSS & SSRF in Lark Docs	177	3000
https://hackerone.com/reports/1274695	PortSwigger Web Security	RCE of Burp  Scanner / Crawler via Clickjacking 	170	3000
https://hackerone.com/reports/1250037	Stripe	Email change or personal data change on the account.	146	3000
https://hackerone.com/reports/410015	HackerOne	Discrepancy in hacker profile report count may reveal existence of a private program by publishing a report	145	3000
https://hackerone.com/reports/470067	GitLab	DoS on the Issue page by exploiting Mermaid.	144	3000
https://hackerone.com/reports/730067	Mail.ru	Account TakeOver through password recovery at am.ru	139	3000
https://hackerone.com/reports/798135	Mail.ru	PHP code injection at tz.mail.ru	137	3000
https://hackerone.com/reports/1198517	GitLab	Stored XSS in custom emoji	129	3000
https://hackerone.com/reports/392106	Uber	[First 30] Stored XSS on login.uber.com/oauth/v2/authorize via redirect_uri parameter	129	3000
https://hackerone.com/reports/723461	Mail.ru	[api.pandao.ru] IDOR for order delivery address	125	3000
https://hackerone.com/reports/231053	Shopify	XSS on any Shopify shop via abuse of the HTML5 structured clone algorithm in postMessage listener on "/:id/digital_wallets/dialog"	121	3000
https://hackerone.com/reports/154425	Snapchat	Subdomain takeover on http://fastly.sc-cdn.net/	113	3000
https://hackerone.com/reports/927338	LY Corporation	LINE Profile ID leaks in OpenChat	100	3000
https://hackerone.com/reports/307050	Grab	Leak ██████████ information in real time through API request	100	3000
https://hackerone.com/reports/402658	GitLab	XSS in request approvals	95	3000
https://hackerone.com/reports/2110030	Tools for Humanity	Race Condition Enables Bypassing Verification Check	92	3000
https://hackerone.com/reports/1378413	TikTok	Reflected XSS on TikTok Website	88	3000
https://hackerone.com/reports/1256777	GitLab	Stored XSS in main page of a project caused by arbitrary script payload in group "Default initial branch name"	80	3000
https://hackerone.com/reports/253429	Tor	Linux TBB SFTP URI allows local IP disclosure	71	3000
https://hackerone.com/reports/1106238	GitLab	Stored XSS via Mermaid Prototype Pollution vulnerability	57	3000
https://hackerone.com/reports/1397602	Intel Corporation	[BrakTooth] Bluetooth vulnerability allows attacker to disconnect or deny reconnection to BT devices connected to a target.  Attack #2	52	3000
https://hackerone.com/reports/732430	Mail.ru	Blind SQL Injection on news.mail.ru	52	3000
https://hackerone.com/reports/1343528	VK.com	Уязвимость в приложении для Android	51	3000
https://hackerone.com/reports/787113	GitHub Security Lab	CodeQL query for finding LDAP Injection (CWE-90) vulnerabilities in Java	51	3000
https://hackerone.com/reports/1401444	GitLab	RCE via WikiCloth markdown rendering if the `rubyluabridge` gem is installed	50	3000
https://hackerone.com/reports/397497	Uber	Stored XSS on auth.uber.com/oauth/v2/authorize via redirect_uri parameter leads to Account Takeover	50	3000
https://hackerone.com/reports/856554	GitLab	Stored XSS on the job page	50	3000
https://hackerone.com/reports/1280002	GitLab	Stored XSS via Mermaid Prototype Pollution vulnerability	48	3000
https://hackerone.com/reports/1283938	LY Corporation	Missing authentication in buddy group API of LINE TIMELINE	46	3000
https://hackerone.com/reports/948929	Shopify	Blind Stored XSS Via Staff Name	44	3000
https://hackerone.com/reports/348076	New Relic	Stored XSS in Brower `name` field reflected in two pages	39	3000
https://hackerone.com/reports/125932	Uber	SQL injection in Wordpress Plugin Huge IT Video Gallery at https://drive.uber.com/frmarketplace/	39	3000
https://hackerone.com/reports/1977252	Brave Software	UAF on JSEthereumProvider	38	3000
https://hackerone.com/reports/1398305	GitLab	Stored XSS on issue comments and other pages which contain notes	38	3000
https://hackerone.com/reports/855276	GitLab	Injection of `http.<url>.*` git config settings leading to SSRF	36	3000
https://hackerone.com/reports/125027	Uber	Reflected XSS on developer.uber.com via Angular template injection	35	3000
https://hackerone.com/reports/299424	Shopify	Bypass Filter and get Stored Xss 	34	3000
https://hackerone.com/reports/1342009	GitLab	Stored XSS in merge request creation page through payload in approval rule name	32	3000
https://hackerone.com/reports/129582	Uber	Reflected XSS POST method at partners.uber.com	31	3000
https://hackerone.com/reports/1397601	Intel Corporation	[BrakTooth] Bluetooth vulnerability allows attacker to disconnect or deny reconnection to BT devices connected to a target.  Attack #1	28	3000
https://hackerone.com/reports/1103258	GitLab	Stored DOM XSS via Mermaid chart	27	3000
https://hackerone.com/reports/484745	Valve	GoldSrc: Buffer Overflow in DELTA_ParseDelta function leads to RCE	26	3000
https://hackerone.com/reports/151465	Uber	Get organization info base on uuid	26	3000
https://hackerone.com/reports/856836	GitLab	Stored XSS on PyPi simple API endpoint	25	3000
https://hackerone.com/reports/125707	Uber	Possibility to enumerate and bruteforce promotion codes in Uber iOS App	24	3000
https://hackerone.com/reports/117068	Uber	XSS @ love.uber.com	21	3000
https://hackerone.com/reports/472013	X / xAI	Changing email address on Twitter for Android unsets "Protect your Tweets"	118	2940
https://hackerone.com/reports/434763	X / xAI	Incorrect details on OAuth permissions screen allows DMs to be read without permission	78	2940
https://hackerone.com/reports/805073	X / xAI	Periscope iOS app CSRF in follow action due to deeplink	57	2940
https://hackerone.com/reports/1021906	Shopify	[Information Disclosure] Amazon S3 Bucket of Shopify Ping (iOS) have public access of other users image	133	2900
https://hackerone.com/reports/1417288	Shopify	Admin panel Exposure without credential at https://plus-website.shopifycloud.com/admin.php	104	2900
https://hackerone.com/reports/1096609	Shopify	https://themes.shopify.com::: Host header web cache poisoning lead to DoS	81	2900
https://hackerone.com/reports/1472471	Shopify	Xss triggered in Your-store.myshopify.com/admin/apps/shopify-email/editor/****	63	2900
https://hackerone.com/reports/1044285	Shopify	Removing parts of URL from jQuery request exposes links for download of Paid Digital Assets of the most recent Order placed by anyone on the store!	58	2900
https://hackerone.com/reports/489102	VLC (European Commission - DIGIT)	VLC 4.0.0 - Stack Buffer Overflow (SEH)	62	2817
https://hackerone.com/reports/1062888	TikTok	External SSRF and Local File Read via video upload due to vulnerable FFmpeg HLS processing	155	2727
https://hackerone.com/reports/2937622	HackerOne	Public GitHub repositories for multiple HackerOne managed triage team profiles contain private HackerOne reports information	222	2700
https://hackerone.com/reports/2584376	Internet Bug Bounty	ReDoS Vulnerability in HTTP Accept Headers Parsing	55	2642
https://hackerone.com/reports/2585374	Internet Bug Bounty	moderate: Apache HTTP Server: mod_rewrite proxy handler substitution (CVE-2024-39573) CWE-20 Improper Input Validation	86	2600
https://hackerone.com/reports/484160	Mail.ru	Возможность зайти на любой аккаунт https://pandao.ru/	76	2600
https://hackerone.com/reports/2526046	Internet Bug Bounty	CVE-2024-32760 in nginx	46	2600
https://hackerone.com/reports/2526051	Internet Bug Bounty	CVE-2024-31079 in nginx	32	2600
https://hackerone.com/reports/2542806	Internet Bug Bounty	[CVE-2024-32464] ActionText ContentAttachment’s can Contain Unsanitized HTML	32	2600
https://hackerone.com/reports/2526041	Internet Bug Bounty	CVE-2024-35200 in nginx	21	2600
https://hackerone.com/reports/2435482	Internet Bug Bounty	CVE-2024-2466: TLS certificate check bypass with mbedTLS (reward request)	48	2580
https://hackerone.com/reports/2453322	Internet Bug Bounty	Apache HTTP Server: HTTP/2 DoS by memory exhaustion on endless continuation frames	40	2580
https://hackerone.com/reports/2271095	Internet Bug Bounty	ASAR Integrity bypass via filetype confusion	49	2540
https://hackerone.com/reports/2270225	Internet Bug Bounty	OpenSSL vulnerable to the Marvin Attack (CVE-2022-4304)	41	2540
https://hackerone.com/reports/2274981	Internet Bug Bounty	curl cookie mixed case PSL bypass	40	2540
https://hackerone.com/reports/2258758	Internet Bug Bounty	CVE-2023-46695: Potential denial of service vulnerability in UsernameField on Windows	28	2540
https://hackerone.com/reports/409370	HackerOne	Denial of service via cache poisoning	252	2500
https://hackerone.com/reports/887321	HackerOne	Uploading large payload on domain instructions causes server-side DoS	205	2500
https://hackerone.com/reports/1504202	TikTok	Stored XSS on TikTok Ads	200	2500
https://hackerone.com/reports/603764	Upserve 	DOM Based XSS via postMessage at https://inventory.upserve.com/login/	170	2500
https://hackerone.com/reports/449351	HackerOne	IE only: stored Cross-Site Scripting (XSS) vulnerability through Program Asset identifier	155	2500
https://hackerone.com/reports/2798380	HackerOne	Hackerone supports accounts organitation takeover	150	2500
https://hackerone.com/reports/170552	HackerOne	Slack integration setup lacks CSRF protection	146	2500
https://hackerone.com/reports/978143	HackerOne	Team object in GraphQL disclosed private_comment	144	2500
https://hackerone.com/reports/770209	HackerOne	Unauthorized user can obtain `report_sources` attribute through Team GraphQL object	141	2500
https://hackerone.com/reports/72272	Pornhub	Multiple endpoints are vulnerable to XML External Entity injection (XXE) 	138	2500
https://hackerone.com/reports/715192	HackerOne	Private program disclosure via `vpn_suspended` GraphQL query	137	2500
https://hackerone.com/reports/2301565	HackerOne	Server Side Request Forgery (SSRF) in webhook functionality	130	2500
https://hackerone.com/reports/1276992	HackerOne	Disclosure handle private program with external link	128	2500
https://hackerone.com/reports/407971	Valve	[help.steampowered.com] Account takeover bruteforcing SteamGuard	110	2500
https://hackerone.com/reports/1527906	TikTok	IDOR on TikTok Ads Endpoint	107	2500
https://hackerone.com/reports/877642	HackerOne	GraphQL field on Team node can be used to determine if External Program runs invite-only program	105	2500
https://hackerone.com/reports/1549451	TikTok	DOM XSS on ads.tiktok.com	103	2500
https://hackerone.com/reports/334205	HackerOne	Harvesting all private invites using leave program fast-tracked invitation and security@ email forwarding feature	103	2500
https://hackerone.com/reports/2483666	HackerOne	[IDOR] Improper Access Control on Embedded Submission Form	101	2500
https://hackerone.com/reports/893856	Mail.ru	Blind SSRF in horizon-heat	91	2500
https://hackerone.com/reports/342978	HackerOne	Team object in GraphQL disclosed total number of whitelisted hackers	91	2500
https://hackerone.com/reports/452959	HackerOne	A user can bypass approval step in Hacker Publishing feature, allowing them to publish reports immediately	89	2500
https://hackerone.com/reports/647130	GitLab	Stored XSS in "Create Groups"	88	2500
https://hackerone.com/reports/1493437	Stripe	CSRF token validation system is disabled on Stripe Dashboard	85	2500
https://hackerone.com/reports/2490953	HackerOne	Able to Create  Testimonials for myself using Sandbox	84	2500
https://hackerone.com/reports/2061367	HackerOne	Triager/Team members can edit  hacker's report and hacker is not even notified	83	2500
https://hackerone.com/reports/665722	Superhuman (formerly Grammarly)	“email” MFA mode allows bypassing MFA from victim’s device when the device trust is not expired	82	2500
https://hackerone.com/reports/2069593	HackerOne	Draft report exposure via slack alerting system for programs	81	2500
https://hackerone.com/reports/2421796	HackerOne	Possible PII Disclosure via Advanced Vetting Process - ██████	80	2500
https://hackerone.com/reports/1543234	TikTok	CSRF protection bypass on TikTok Webcast Endpoints	78	2500
https://hackerone.com/reports/880187	HackerOne	Near to Infinite loop when changing Group's name that has API token as Team Member	76	2500
https://hackerone.com/reports/343464	HackerOne	Team object in GraphQL discloses team group names and permissions	74	2500
https://hackerone.com/reports/1392630	TikTok	IDOR the ability to view support tickets of any user on seller platform	73	2500
https://hackerone.com/reports/1580493	Kubernetes	Bypass validation parts in AWS IAM Authenticator for Kubernetes	67	2500
https://hackerone.com/reports/968165	Shopify	Disclose customer orders details by shopify chat application.	65	2500
https://hackerone.com/reports/493176	HackerOne	Partial report contents leakage - via HTTP/2 concurrent stream handling	64	2500
https://hackerone.com/reports/347693	HackerOne	Program metrics disclosed response_efficiency_percentage via /program_name json response despite the team decided not to show on their profile	64	2500
https://hackerone.com/reports/2552205	HackerOne	Private draft report exposure in a program a user is added as a viewer to	63	2500
https://hackerone.com/reports/544096	Valve	[Source Engine] Material path truncation leads to Remote Code Execution	60	2500
https://hackerone.com/reports/206872	Uber	SQL injection in 3rd party software Anomali	59	2500
https://hackerone.com/reports/386997	HackerOne	Private program policy page still accessible after user left the program	57	2500
https://hackerone.com/reports/1728174	Kubernetes	Ingress nginx annotation injection causes arbitrary command execution	56	2500
https://hackerone.com/reports/907819	Mail.ru	Blind SSRF in magnum upgrade_params	54	2500
https://hackerone.com/reports/1842829	Kubernetes	Privilege Escalation in kOps using GCE/GCP Provider	52	2500
https://hackerone.com/reports/520630	New Relic	(Prerelease UI) Stored XSS via role name in JSON chart	49	2500
https://hackerone.com/reports/550625	Valve	[CS:GO] Unchecked texture file name with TEXTUREFLAGS_DEPTHRENDERTARGET can lead to Remote Code Execution	47	2500
https://hackerone.com/reports/1620702	Kubernetes	RCE  on ingress-nginx-controller via Ingress spec.rules.http.paths.path field	46	2500
https://hackerone.com/reports/427502	HackerOne	Proper verification is not done before sending invitations to researchers for certain private programs with rules e.g. "Participants must be US-based"	43	2500
https://hackerone.com/reports/924914	Mail.ru	Access to information about any video and its owner via GraphQL endpoint [dictor.mail.ru]	42	2500
https://hackerone.com/reports/2039464	Kubernetes	Code inject via nginx.ingress.kubernetes.io/permanent-redirect annotation	39	2500
https://hackerone.com/reports/397137	New Relic	[NR Insights] Pull any Insights/NRQL data from any NR account	37	2500
https://hackerone.com/reports/197279	Airbnb	[m.airbnb.com] CRLF Injection	37	2500
https://hackerone.com/reports/818109	Mail.ru	MCS Graphite SSRF: internal network access	34	2500
https://hackerone.com/reports/203935	Pornhub	Time Based SQL-inject in post-parametr login[username] [domain - youporn.com]	30	2500
https://hackerone.com/reports/476150	Uber	SQLI on desafio5estrelas.com 	29	2500
https://hackerone.com/reports/956295	GitHub Security Lab	LDAP injection vulnerability in Java	29	2500
https://hackerone.com/reports/459443	New Relic	[NR Insights] IDOR - Modify the filter settings for any NR Insights dashboard through internal_api endpoint	28	2500
https://hackerone.com/reports/363195	Block.one	[FG-VD-18-100] Heap Buffer Overflow Vulnerability in EOS's forked repository of Binaryen Library and also in latest Binaryen Library Parent Repository	25	2500
https://hackerone.com/reports/1026893	Mail.ru	 Disk-o Cloud application (Windows) does not validate server certificate on a TLS connection	24	2500
https://hackerone.com/reports/1546935	SKALE Network	Stack Buffer Overflow via `gmp_sprintf`in `BLSSignature` and `BLSSigShare`	23	2500
https://hackerone.com/reports/956791	Mail.ru	Возможность изменить поле "E-Mail для доступа в личный кабинет" у другого пользователя [corporate.city-mobil.ru]	21	2500
https://hackerone.com/reports/2078571	Internet Bug Bounty	[curl] CVE-2023-32001: fopen race condition	21	2480
https://hackerone.com/reports/1923672	GitLab	Account takeover due to insufficient URL validation on RelayState parameter	96	2450
https://hackerone.com/reports/2434811	Internet Bug Bounty	Path traversal by monkey-patching Buffer internals	67	2430
https://hackerone.com/reports/1904097	Internet Bug Bounty	Potential DoS vulnerability in Django in multipart parser	47	2400
https://hackerone.com/reports/1865991	Internet Bug Bounty	Open Redirect Vulnerability in Action Pack	43	2400
https://hackerone.com/reports/1805873	Internet Bug Bounty	Rails ActionView sanitize helper bypass leading to XSS using SVG tag.	39	2400
https://hackerone.com/reports/1551586	Internet Bug Bounty	CVE-2022-27774: Credential leak on redirect	36	2400
https://hackerone.com/reports/1891795	Internet Bug Bounty	RCE vulnerability in apache-airflow-providers-apache-sqoop 3.1.0	30	2400
https://hackerone.com/reports/1966083	Internet Bug Bounty	CVE-2023-28710 Apache Airflow Spark Provider Arbitrary File Read via JDBC	22	2400
https://hackerone.com/reports/1805899	Internet Bug Bounty	CVE-2022-23519: Rails::Html::SafeListSanitizer vulnerable to XSS when certain tags are allowed (math+style || svg+style)	22	2400
https://hackerone.com/reports/1912778	Internet Bug Bounty	CVE-2023-27535: FTP too eager connection reuse	21	2400
https://hackerone.com/reports/1594627	Internet Bug Bounty	Apache HTTP Server: mod_proxy_ajp: Possible request smuggling	21	2400
https://hackerone.com/reports/2225660	Internet Bug Bounty	Permission model improperly protects against path traversal in Node.js 20	42	2330
https://hackerone.com/reports/2499070	GitLab	DOS: taking down a 1k users Gitlab EE instance or multiple Sidekiq instances by importing a malicious repo from a Github EE self-hosted server	64	2300
https://hackerone.com/reports/1011956	GitHub Security Lab	Java: CWE-749 Unsafe resource loading in Android WebView leaking to injection attacks	60	2300
https://hackerone.com/reports/767348	GitHub Security Lab	Java (Maven): Use of insecure protocol to download/upload artifacts	33	2300
https://hackerone.com/reports/892465	GitHub Security Lab	CodeQL query to detect JNDI injections	28	2300
https://hackerone.com/reports/2921724	Internet Bug Bounty	Deadlock in x86 HVM standard VGA handling	86	2162
https://hackerone.com/reports/2795558	Internet Bug Bounty	CVE-2024-41990: Potential denial-of-service in django.utils.html.urlize()	82	2162
https://hackerone.com/reports/2978267	Internet Bug Bounty	TLS client authentication can be bypassed due to ticket resumption	30	2162
https://hackerone.com/reports/2939104	Internet Bug Bounty	CVE-2024-56374:  Denial-of-service vulnerability in IPv6 validation	25	2162
https://hackerone.com/reports/2644244	Internet Bug Bounty	CVE-2024-41989: Denial-Of-Service vulnerability in the floatformat template filter when input string contains a big exponent in scientific notation	49	2142
https://hackerone.com/reports/2658447	Internet Bug Bounty	CVE-2024-7347: Buffer overread in the ngx_http_mp4_module	43	2142
https://hackerone.com/reports/1067321	New Relic	Stored XSS via malicious key value of Synthetics monitor tag when visiting an Insights dashboard with filtering enabled	86	2123
https://hackerone.com/reports/168538	X / xAI	Twitter iOS fails to validate server certificate and sends oauth token	38	2100
https://hackerone.com/reports/615672	Quantopian	Cross-site scripting on algorithm collaborator 	36	2100
https://hackerone.com/reports/1089467	New Relic	Account Takeover via Email ID Change and Forgot Password Functionality	214	2048
https://hackerone.com/reports/821962	Razer	🐞 OS Command Injection at https://sea-web.gold.razer.com/lab/ws-lookup via IP parameter	676	2000
https://hackerone.com/reports/819738	Razer	SQL injection at https://sea-web.gold.razer.com/ajax-get-status.php via txid parameter	580	2000
https://hackerone.com/reports/811111	Razer	SQL Injection in https://api-my.pay.razer.com/inviteFriend/getInviteHistoryLog	528	2000
https://hackerone.com/reports/758654	InnoGames	Blind SQL Injection 	432	2000
https://hackerone.com/reports/990048	Eternal	Improper Validation at Partners Login	250	2000
https://hackerone.com/reports/1861974	pixiv	Stealing Users OAuth authorization code via redirect_uri	244	2000
https://hackerone.com/reports/781205	Razer	SQL Injection at https://sea-web.gold.razer.com/lab/cash-card-incomplete-translog-resend via period-hour Parameter	240	2000
https://hackerone.com/reports/2588329	inDrive	Change phone number OTP flaw leads to any phone number takeover	237	2000
https://hackerone.com/reports/1044716	Eternal	SQL Injection in www.hyperpure.com	228	2000
https://hackerone.com/reports/711075	Mail.ru	Blind SQL Injection in city-mobil.ru domain	224	2000
https://hackerone.com/reports/777693	Razer	SQLi at https://sea-web.gold.razer.com/demo-th/purchase-result.php via orderid Parameter	183	2000
https://hackerone.com/reports/697055	Semmle	Worker container escape lead to arbitrary file reading in host machine [again]	177	2000
https://hackerone.com/reports/531032	Slack	Slack DTLS uses a private key that is in the public domain, which may lead to SRTP stream hijack	168	2000
https://hackerone.com/reports/703910	Mail.ru	JMX RMI command injection on 195.211.131.82(Mail.ru Gaming)	163	2000
https://hackerone.com/reports/981472	Shopify	Undocumented `fileCopy` GraphQL API	153	2000
https://hackerone.com/reports/536130	Mail.ru	Path traversal, SSTI and RCE on a MailRu acquisition 	152	2000
https://hackerone.com/reports/707231	Mail.ru	Account Takeover at vseapteki.ru	142	2000
https://hackerone.com/reports/952501	Eternal	Solr Injection in `user_id` parameter at :/v2/leaderboard_v2.json	137	2000
https://hackerone.com/reports/509629	InnoGames	Race condition in activating email resulting in infinite amount of diamonds received	137	2000
https://hackerone.com/reports/3176157	PortSwigger Web Security	DNS Rebinding SSRF in Burp Suite MCP Server Enables Internal Network Access via send_http1_request Tool	135	2000
https://hackerone.com/reports/1804177	Stripe	Possible XSS vulnerability without a content security bypass	130	2000
https://hackerone.com/reports/1408782	Eternal	Add upto 10K rupees to a wallet by paying an arbitrary amount	128	2000
https://hackerone.com/reports/3329310	Basecamp	Improper bot-authentication allows to impersonate any user when sending messages in a room	125	2000
https://hackerone.com/reports/303744	Open-Xchange	Arbitrary local system file read on open-xchange server 	125	2000
https://hackerone.com/reports/824307	Razer	SQL injection in Razer Gold List Admin at /lists/index.php via the `list[]` parameter. 	122	2000
https://hackerone.com/reports/768195	Razer	SQL Injection at api.easy2pay.co/add-on/get-sig.php via partner_id Parameter	119	2000
https://hackerone.com/reports/938021	Eternal	Availing Zomato gold by using a random third-party `wallet_id`	115	2000
https://hackerone.com/reports/694181	Semmle	Worker container escape lead to arbitrary file reading in host machine	111	2000
https://hackerone.com/reports/953083	Shopify	Ability to publish a paid theme without purchasing it.	89	2000
https://hackerone.com/reports/334488	Open-Xchange	Blind XXE via Powerpoint files	86	2000
https://hackerone.com/reports/2930811	Cosmos	Attacker can use any non-enabled capability	80	2000
https://hackerone.com/reports/540242	Uber	Pre-auth Remote Code Execution on multiple Uber SSL VPN servers	80	2000
https://hackerone.com/reports/1314162	LY Corporation	Improper authorization allows disclosing users' notification data in Notification channel server	78	2000
https://hackerone.com/reports/709336	Shopify	Reflective Cross-site Scripting via Newsletter Form	78	2000
https://hackerone.com/reports/1077520	Showmax	Parental Pin Bypass	75	2000
https://hackerone.com/reports/215625	HackerOne	A HackerOne employee's GitHub personal access token exposed in Travis CI build logs	75	2000
https://hackerone.com/reports/777698	Razer	SQL injection at https://sea-web.gold.razer.com/demo-th/goto-e2p-web-api.php via Multiple Parameters	71	2000
https://hackerone.com/reports/310946	HackerOne	The request tells the number of private programs, the new system of authorization /invite/token	71	2000
https://hackerone.com/reports/838855	Eternal	[www.zomato.com] Blind SQL Injection in /php/geto2banner	68	2000
https://hackerone.com/reports/213418	LocalTapiola	User able to access company details in yrityspalvelu without proper permissions	63	2000
https://hackerone.com/reports/777664	Razer	[SSRF] Server-Side Request Forgery at https://sea-web.gold.razer.com/dev/simulator via notify_url Parameter	60	2000
https://hackerone.com/reports/391390	Shopify	Stored XSS on activity	55	2000
https://hackerone.com/reports/836079	Eternal	[www.zomato.com] Blind SQL Injection in /php/widgets_handler.php	53	2000
https://hackerone.com/reports/298873	GitLab	Command injection by overwriting authorized_keys file through GitLab import	50	2000
https://hackerone.com/reports/311289	GSA Bounty	CI for [example.gov] can be logged in and accessible	49	2000
https://hackerone.com/reports/201326	Uber	[uchat.uberinternals.com] Mattermost doesn't check Origin in Websockets, which leads to the Critical Inforamation Leakage.	48	2000
https://hackerone.com/reports/1823216	Stripe	XSS vulnerability without a content security bypass in a `CUSTOM` App through Button tag	45	2000
https://hackerone.com/reports/402362	pixiv	RCE due to ImageTragick v2	44	2000
https://hackerone.com/reports/1354452	VK.com	Выполнение API-методов при открытии сообщества/приложения	43	2000
https://hackerone.com/reports/301432	GitLab	GitLab CI runner can read and poison cache of all other projects	43	2000
https://hackerone.com/reports/298176	GitLab	SQL injection in MilestoneFinder order method	41	2000
https://hackerone.com/reports/2337427	ownCloud	Authentication Bypass with usage of PreSignedURL	40	2000
https://hackerone.com/reports/1705717	Linux Foundation Decentralized Trust	POOL_UPGRADE request handler may allow an unauthenticated attacker to remotely execute code on every node in the network. 	39	2000
https://hackerone.com/reports/790634	GitLab	When you call your branch the same name as a git hash, it could be checked out by dependents	39	2000
https://hackerone.com/reports/326449	Uber	Reflected XSS on multiple uberinternal.com domains	39	2000
https://hackerone.com/reports/307672	Keybase	Keybase extension hostname-validation regular expression issue.	37	2000
https://hackerone.com/reports/262230	Shopify	Tinymce 2.4.0	37	2000
https://hackerone.com/reports/2806356	Cosmos	Heap-Buffer-Overread in contains_whitespace when calling parser_validate after supplying a maliciously crafted buffer to parser_parse	34	2000
https://hackerone.com/reports/1464396	Internet Bug Bounty	Ruby CVE-2021-41819: Cookie Prefix Spoofing in CGI::Cookie.parse	31	2000
https://hackerone.com/reports/390181	Uber	Reflected XSS on Partners Subdomain	31	2000
https://hackerone.com/reports/1540906	Uber	Full read SSRF in flyte-poc-us-east4.uberinternal.com	30	2000
https://hackerone.com/reports/1072868	GitLab	Stored XSS in repository file viewer	29	2000
https://hackerone.com/reports/859333	GitLab	Stored XSS in group issue list	27	2000
https://hackerone.com/reports/446593	GitLab	GitLab's GitHub integration is vulnerable to SSRF vulnerability	27	2000
https://hackerone.com/reports/502207	Rootstock Labs	Traffic amplification attack via discovery protocol	24	2000
https://hackerone.com/reports/927567	Shopify	Ability to publish a paid theme without purchasing it.	21	2000
https://hackerone.com/reports/397194	Augur	Indisputable Reporting via Arbitrarily Large Initial Reports	20	2000
https://hackerone.com/reports/697099	LY Corporation	Reflected XSS in OAUTH2 login flow 	485	1990
https://hackerone.com/reports/1550400	Shopify	Staff without Manage Themes permissions can update themes	61	1900
https://hackerone.com/reports/994504	Shopify	authenticity token not verfied leads to change business name	54	1900
https://hackerone.com/reports/1555502	Shopify	Collaborators and Staff members without all necessary permissions are able to create, edit and install custom apps	46	1900
https://hackerone.com/reports/1085332	Shopify	[h1-2102] shopApps query from the graphql at /users/api returns all existing created apps, including private ones	33	1900
https://hackerone.com/reports/1010835	Shopify	Low Privileged Staff Member Can Export Billing Charges	24	1900
https://hackerone.com/reports/854439	GitHub Security Lab	Initial websocket support for Javascript (SockJS)	67	1800
https://hackerone.com/reports/844327	GitHub Security Lab	Java/CWE-036: Calling openStream on URLs created from remote source can lead to file disclosure	52	1800
https://hackerone.com/reports/1864507	GitHub Security Lab	[CPP]: Add query for CWE-805: Buffer Access with Incorrect Length Value using some functions	43	1800
https://hackerone.com/reports/1072078	GitHub Security Lab	[Java] CWE-555: Query to detect password in Java EE configuration files	38	1800
https://hackerone.com/reports/2038484	Internet Bug Bounty	DiffieHellman doesn't generate keys after setting a key	33	1800
https://hackerone.com/reports/1339898	GitHub Security Lab	[Java] CWE-079: Query to detect XSS with JavaServer Faces (JSF)	31	1800
https://hackerone.com/reports/1329260	GitHub Security Lab	Java: Static initialization vector	23	1800
https://hackerone.com/reports/691611	Shopify	XSS while logging using Google	340	1750
https://hackerone.com/reports/1751258	GitLab	Attacker is able to create,Edit & delete notes and leak the title of a victim's private personal snippet	28	1730
https://hackerone.com/reports/1031240	Dropbox	`account_info.read` scope OAuth app access token can change token owner's account name.	34	1728
https://hackerone.com/reports/1468010	Dropbox	Exfiltrate GDrive access token using CSRF	32	1728
https://hackerone.com/reports/744662	Mail.ru	Account Takeover worki.ru	391	1700
https://hackerone.com/reports/773519	Mail.ru	Account TakeOver at my.33slona.ru	359	1700
https://hackerone.com/reports/191380	X / xAI	CRLF and XSS stored on ton.twitter.com	30	1680
https://hackerone.com/reports/700612	Mail.ru	worki.ru: SMS code bruteforce	136	1657
https://hackerone.com/reports/1245736	Shopify	A non-privileged user may create an admin account in Stocky	67	1600
https://hackerone.com/reports/1266828	Shopify	Staff who only have apps and channels permission can do a takeover account at the wholesale store (Bypass get invitation link)	53	1600
https://hackerone.com/reports/1672459	Shopify	Cross-site scripting on api.collabs.shopify.com	50	1600
https://hackerone.com/reports/1652046	Shopify	Stored XSS in Dovetale by application of creator	33	1600
https://hackerone.com/reports/1018489	Shopify	Ability to connect an external login service for unverified emails/accounts at accounts.shopify.com	29	1600
https://hackerone.com/reports/1247108	TikTok	TikTok 2FA Bypass	189	1564
https://hackerone.com/reports/683298	X / xAI	XSS and Open Redirect on MoPub Login	247	1540
https://hackerone.com/reports/583987	X / xAI	Periscope android app deeplink leads to CSRF in follow action	223	1540
https://hackerone.com/reports/404822	Slack	AWS bucket leading to iOS test build code and configuration exposure	321	1500
https://hackerone.com/reports/380410	Pornhub	idor allows you to delete photos and album from a gallery	266	1500
https://hackerone.com/reports/681473	Pornhub	IDOR allows any user to edit others videos	248	1500
https://hackerone.com/reports/692603	Semmle	Privilege escalation in workers container 	206	1500
https://hackerone.com/reports/249131	Upserve 	Ability to create own account UUID leads to stored XSS	204	1500
https://hackerone.com/reports/402566	Valve	[Half-Life 1] Malformed map name leads to memory corruption and code execution	163	1500
https://hackerone.com/reports/703600	Mail.ru	Information disclosure with sensitive data	156	1500
https://hackerone.com/reports/725707	Mail.ru	Account Takeover at worki.ru	143	1500
https://hackerone.com/reports/712103	Mail.ru	SSRF in clients.city-mobil.ru	132	1500
https://hackerone.com/reports/702784	Razer	Accessible Druid Monitor console on https://api.pay-staging.razer.com/	126	1500
https://hackerone.com/reports/1380121	Urban Company	Critical full compromise of jarvis-new.urbanclap.com via weak session signing	123	1500
https://hackerone.com/reports/1785145	inDrive	Full access to InDrive jira panel via exposed API token 	122	1500
https://hackerone.com/reports/520903	Internet Bug Bounty	Apache HTTP [2.4.17-2.4.38] Local Root Privilege Escalation	121	1500
https://hackerone.com/reports/2915647	Mozilla	Netlify Authentication Token Exposed in Public Mozilla CI Logs	119	1500
https://hackerone.com/reports/2244229	X / xAI	Cross-Domain Leakage of X Username / UserID due to  Dynamically Generated JS File	111	1500
https://hackerone.com/reports/2279346	PortSwigger Web Security	CSP bypass on PortSwigger.net using Google script resources	111	1500
https://hackerone.com/reports/304190	Uber	ubernycmarketplace.com is vulnerable to the Heartbleed Bug	111	1500
https://hackerone.com/reports/1077136	Slack	Denial of Service via Hyperlinks in Posts	109	1500
https://hackerone.com/reports/827729	Open-Xchange	Null pointer dereference in SMTP server function smtp_string_parse	105	1500
https://hackerone.com/reports/833080	Slack	Tricking the "Create snippet" feature into displaying the wrong filetype can lead to RCE on Slack users	99	1500
https://hackerone.com/reports/458842	Valve	Malformed save files (.sav) allow to write files with arbitrary extensions and content in GoldSrc-based games.	99	1500
https://hackerone.com/reports/247628	HackerOne	Reading redacted data via hackbot's answers	92	1500
https://hackerone.com/reports/1766228	AMBER AI	Support Portal Takeover via Leaked API KEY	90	1500
https://hackerone.com/reports/874387	Mail.ru	capsula.mail.ru - Admin blind stored XSS	86	1500
https://hackerone.com/reports/790005	Mail.ru	3igames.mail.ru SQL Injection 	86	1500
https://hackerone.com/reports/1663361	Slack	Bypass invite accept for victim	83	1500
https://hackerone.com/reports/706916	Razer	[pay.gold.razer.com] Stored XSS - Order payment	81	1500
https://hackerone.com/reports/1758174	Slack	Unauthorized access to GovSlack	80	1500
https://hackerone.com/reports/265050	Rockstar Games	Blind SSRF in emblem editor (2)	79	1500
https://hackerone.com/reports/347139	Rockstar Games	LFI and SSRF via XXE in emblem editor	78	1500
https://hackerone.com/reports/349291	New Relic	IDOR via internal_api "users" endpoint 	77	1500
https://hackerone.com/reports/483572	Intel Corporation	[FG-VD-19-009] Intel(R) Trace Analyzer and Collector 2019 Memory Corruption Vulnerability Notification	77	1500
https://hackerone.com/reports/980511	Shopify	A staff member with no permissions can edit Store Customer Email	70	1500
https://hackerone.com/reports/520717	Lob	Old WebKit HTML agent in Template Preview function has multiple known vulnerabilities leading to RCE	68	1500
https://hackerone.com/reports/124100	Shopify	Shopify GitHub Login and Password exposed all private source code might be available.	66	1500
https://hackerone.com/reports/332381	New Relic	Internal API endpoint discloses full account name of email address associated with unconfirmed user	63	1500
https://hackerone.com/reports/900685	Mail.ru	SQL Injection at https://lite.r-keeper.ru/site_api/clients/derision/?lang=ru	62	1500
https://hackerone.com/reports/293689	HackerOne	Query parameter reordering causes redirect page to render unsafe URL	61	1500
https://hackerone.com/reports/593229	Internet Bug Bounty	Out-of-bounds read in iconv.c:_php_iconv_mime_decode() due to integer overflow	58	1500
https://hackerone.com/reports/422707	Shopify	Reflected XSS on $Any$.myshopify.com/admin	58	1500
https://hackerone.com/reports/148764	Pornhub	[idor] Unauthorized Read access to all the private posts(Including Photos,Videos,Gifs)	58	1500
https://hackerone.com/reports/2312217	Enjin	Revocation API Token by Bypassing The XSRF Token	55	1500
https://hackerone.com/reports/1084342	Internet Bug Bounty	Buffer overflow in PyCArg_repr in _ctypes/callproc.c for Python 3.x to 3.9.1	51	1500
https://hackerone.com/reports/288353	Rockstar Games	SMB SSRF in emblem editor exposes taketwo domain credentials, may lead to RCE	51	1500
https://hackerone.com/reports/274990	RubyGems	Remote code execution on rubygems.org	50	1500
https://hackerone.com/reports/997926	Open-Xchange	SSRF - Unchecked Snippet IDs for distributed files	49	1500
https://hackerone.com/reports/376808	Mail.ru	molotok.m.mail.ru delegated to external entity	48	1500
https://hackerone.com/reports/202949	Pornhub	Wordpress Content injection 	48	1500
https://hackerone.com/reports/361623	Uber	SQLI on uberpartner.eu leads to exposure of sensitive user data of Uber partners	43	1500
https://hackerone.com/reports/724522	Uber	Change the rating of any trip, therefore change the average driver rating	43	1500
https://hackerone.com/reports/722327	Internet Bug Bounty	CVE-2019-11043: a buffer underflow in fpm_main.c can lead to RCE in php-fpm	42	1500
https://hackerone.com/reports/974078	Mail.ru	Multiple SQL Injections and constrained LFI in esk-static.3igames.mail.ru	41	1500
https://hackerone.com/reports/473888	Ruby on Rails	RCE which may occur due to `ActiveSupport::MessageVerifier` or `ActiveSupport::MessageEncryptor` (especially Active storage)	41	1500
https://hackerone.com/reports/178293	Shopify	Misconfiguration in Two Factor Authorisation	40	1500
https://hackerone.com/reports/957035	Mail.ru	Открытый Confluence и доступы к чату операторов в Skype	39	1500
https://hackerone.com/reports/307808	Ruby on Rails	Path Traversal on Default Installed Rails Application (Asset Pipeline)	38	1500
https://hackerone.com/reports/142135	VK.com	XSS в upload.php	38	1500
https://hackerone.com/reports/320173	New Relic	Bypass of my three other reports #267636 + #255894 + #271861 - (IDOR) Ability to see full name associated with other New Relic accounts	37	1500
https://hackerone.com/reports/237915	Internet Bug Bounty	PHP mbstring / Oniguruma multiple remote heap/stack corruptions	35	1500
https://hackerone.com/reports/138075	Pornhub	[stored xss, pornhub.com] stream post function	35	1500
https://hackerone.com/reports/900662	Mail.ru	SQL Injection at https://lite.r-keeper.ru/site_api/localize/translate/rklscommon/ru	34	1500
https://hackerone.com/reports/186279	Pornhub	IDOR - disclosure of private videos - /api_android_v3/getUserVideos	32	1500
https://hackerone.com/reports/1024029	Mail.ru	SDC bypass on calendar.mail.ru	31	1500
https://hackerone.com/reports/961929	Shopify	Ability to see password protected content by bypassing the password page of shopify preview URL for new development stores (as of August 17, 2020)	31	1500
https://hackerone.com/reports/514897	Eternal	Possible to enumerate Addresses of users using AddressId and guessing the delivery_subzone	28	1500
https://hackerone.com/reports/1548870	Linux Foundation Decentralized Trust	Unauthorized packages modification or secrets exfiltration via GitHub actions	25	1500
https://hackerone.com/reports/499	Ruby	Ruby: Heap Overflow in Floating Point Parsing	25	1500
https://hackerone.com/reports/479144	Tron Foundation	DOS attack by consuming all CPU and using all available memory	23	1500
https://hackerone.com/reports/394253	Ruby on Rails	Validation bypass for queries generated for PostgreSQL	21	1500
https://hackerone.com/reports/1695472	Linux Foundation Decentralized Trust	DOS validator nodes of blockchain to block external connections	20	1500
https://hackerone.com/reports/1033895	Mail.ru	SDC bypass cloud.mail.ru for every /api/v3/* endpoint.	20	1500
https://hackerone.com/reports/675578	Internet Bug Bounty	Out of Bounds Memory Read in exif_scan_thumbnail	20	1500
https://hackerone.com/reports/505424	X / xAI	Twitter ID exposure via error-based side-channel attack	153	1470
https://hackerone.com/reports/1086781	GitLab	Change project visibility to a restricted option	51	1370
https://hackerone.com/reports/1192460	GitLab	A deactivated user can access data through GraphQL	47	1370
https://hackerone.com/reports/181803	LocalTapiola	SQL Injection /webApp/oma_conf ctx parameter (viestinta.lahitapiola.fi)	50	1350
https://hackerone.com/reports/853894	LY Corporation	Improper Access Control in LINE Timeline API that returns a list of hidden friends	34	1347
https://hackerone.com/reports/2078490	8x8	Stored xss at https://█.8x8.com/api/█/ID	105	1337
https://hackerone.com/reports/974473	Mail.ru	[my.games, lootdog.io] XSS via MCS Bucket	47	1333
https://hackerone.com/reports/2434819	Internet Bug Bounty	Improper handling of wildcards in --allow-fs-read and --allow-fs-write	44	1290
https://hackerone.com/reports/2208860	Internet Bug Bounty	Integrity checks according to policies can be circumvented in Node.js 20 and Node.js 18	82	1270
https://hackerone.com/reports/143935	X / xAI	[sms-be-vip.twitter.com] vulnerable to Jetleak	28	1260
https://hackerone.com/reports/583184	Valve	Arbitrary File Write as SYSTEM from unprivileged user	71	1250
https://hackerone.com/reports/1404804	Judge.me 	Email templates XSS by filterXSS bypass	51	1250
https://hackerone.com/reports/682774	Valve	Arbitrary file creation with semi-controlled content (leads to DoS, EoP and others) at Steam Windows Client	41	1250
https://hackerone.com/reports/876022	Lark Technologies	RPC Implementation allows unauthenticated remote calls	39	1250
https://hackerone.com/reports/1302155	Nextcloud	Arbitrary read of all SVG files on a Nextcloud server	36	1250
https://hackerone.com/reports/282604	Rockstar Games	Stored XSS on profile page via Steam display name	35	1250
https://hackerone.com/reports/530292	Internet Bug Bounty	Local Privilege Escalation during execution of VeraCryptExpander.exe (UAC bypass)	27	1250
https://hackerone.com/reports/469803	Upserve 	Open redirect at https://inventory.upserve.com/http://google.com/	177	1200
https://hackerone.com/reports/821896	PlayStation	Access token stealing.	175	1200
https://hackerone.com/reports/469841	Upserve 	Reflected XSS on https://inventory.upserve.com/ (affects IE users only)	120	1200
https://hackerone.com/reports/195996	Showmax	Changing details of other users profile using UUID (IDOR)	36	1200
https://hackerone.com/reports/546644	Open-Xchange	Two heap use-after-free errors in IMAP operations	26	1200
https://hackerone.com/reports/1391549	Internet Bug Bounty	Request line injection via HTTP/2 in Apache mod_proxy	22	1200
https://hackerone.com/reports/2188126	Internet Bug Bounty	Permissions policies can be bypassed via Module._load and require.extensions (High) (CVE-2023-30587)	29	1165
https://hackerone.com/reports/2528293	GitLab	IDOR Exposes All Machine Learning Models	106	1160
https://hackerone.com/reports/1892200	GitLab	Attacker can create malicious child epics linked to a victim's epic in an unrelated group	21	1160
https://hackerone.com/reports/503208	VLC (European Commission - DIGIT)	Access Violation Reading EXPLOITABLE_0228	77	1135
https://hackerone.com/reports/484398	VLC (European Commission - DIGIT)	Buffer overflow in libavi_plugin memmove() call	25	1127
https://hackerone.com/reports/1700276	Cloudflare Public Bug Bounty	Take over subdomains of r2.dev using R2 custom domains	28	1125
https://hackerone.com/reports/502816	VLC (European Commission - DIGIT)	Access Violation Reading in libfaad_plugin	106	1121
https://hackerone.com/reports/500686	X / xAI	url that twitter mobile site can not load	141	1120
https://hackerone.com/reports/591432	X / xAI	Twitter Periscope Clickjacking Vulnerability	139	1120
https://hackerone.com/reports/903740	X / xAI	Denial of Service | twitter.com & mobile.twitter.com	88	1120
https://hackerone.com/reports/260744	X / xAI	[dev.twitter.com] XSS and Open Redirect	72	1120
https://hackerone.com/reports/329957	X / xAI	Tracking of users on third-party websites using the Twitter cookie, due to a flaw in authenticating image requests	49	1120
https://hackerone.com/reports/263760	X / xAI	Opportunity to obtain private tweets through search widget preview caches	48	1120
https://hackerone.com/reports/330008	X / xAI	[dev.twitter.com] XSS and Open Redirect Protection Bypass	45	1120
https://hackerone.com/reports/604120	InnoGames	Chaining Bugs: Leakage of CSRF token which leads to Stored XSS and Account Takeover (xs1.tribalwars.cash)	186	1100
https://hackerone.com/reports/802636	InnoGames	Create any military unit in any age	89	1100
https://hackerone.com/reports/2520694	Internet Bug Bounty	Possible XSS Vulnerability in Action Controller	32	1068
https://hackerone.com/reports/1935628	GitLab	HTML injection possible with soft email confirmations when Administrator manually confirms attacker email address	59	1060
https://hackerone.com/reports/242765	Discourse	Any user with invite capabilities can take-over any account on Discourse	75	1024
https://hackerone.com/reports/317119	Dropbox	Exposed Git Repo at http://fileserver.dropboxbusiness.com	63	1024
https://hackerone.com/reports/1193062	GitLab	Privilege escalation of "external user" (with maintainer privilege) to internal access  through project token	64	1020
https://hackerone.com/reports/639684	Rockstar Games	The return of the ＜	564	1000
https://hackerone.com/reports/1010466	CS Money	Blind XSS on image upload	444	1000
https://hackerone.com/reports/699082	Razer	OTP token bypass in accessing user settings	339	1000
https://hackerone.com/reports/739601	Bumble	Reflected XSS	317	1000
https://hackerone.com/reports/757095	Razer	[Razer Pay  Mobile App] Broken access control allowing other user's bank account to be deleted	311	1000
https://hackerone.com/reports/736273	Razer	Through blocking the redirect in /* the attacker able to bypass Authentication To see Sensitive Data sush as Game Keys , Emails ,..	196	1000
https://hackerone.com/reports/1788006	Expedia Group Bug Bounty	Open Redirect in Logout & Login	168	1000
https://hackerone.com/reports/779442	Lyst	Subdomain takeover of storybook.lystit.com	162	1000
https://hackerone.com/reports/867699	Kubernetes	Node disk DOS by writing to container /etc/hosts	161	1000
https://hackerone.com/reports/1861487	inDrive	inDriver Job - Admin Approval Bypass	154	1000
https://hackerone.com/reports/826097	PlayStation	SSRF chained to hit internal host leading to another SSRF which allows to read internal images.	144	1000
https://hackerone.com/reports/835437	PlayStation	Access Token Smuggling from my.playstation.com via Referer Header	143	1000
https://hackerone.com/reports/352869	Grab	 Subdomain Takeover Via Insecure CloudFront Distribution cdn.grab.com	140	1000
https://hackerone.com/reports/368912	Mail.ru	XSS via message subject - mobile application	139	1000
https://hackerone.com/reports/506161	PortSwigger Web Security	Build fetches jars over HTTP	134	1000
https://hackerone.com/reports/1018037	Basecamp	a very long name in hey.com can prevent anyone from accessing their contacts and probably can cause denial of service	131	1000
https://hackerone.com/reports/729424	Shopify	Stored XSS in private message	124	1000
https://hackerone.com/reports/1054382	PortSwigger Web Security	HTML Injection in Swing can disclose netNTLM hash or cause DoS	116	1000
https://hackerone.com/reports/489284	Shopify	Access to Employee calendar disclosing internal presentation and meetings	109	1000
https://hackerone.com/reports/1415820	Aiven Ltd	Zero day path traversal vulnerability in Grafana 8.x allows unauthenticated arbitrary local file read	104	1000
https://hackerone.com/reports/811136	PlayStation	SSRF on image renderer	102	1000
https://hackerone.com/reports/245408	Eternal	Login to any account with the emailaddress	102	1000
https://hackerone.com/reports/1626205	U.S. Dept Of Defense	Wordpress Takeover using setup configuration at http://████.edu [HtUS]	101	1000
https://hackerone.com/reports/1102764	Slack	Lack of URL normalization renders Blocked-Previews feature ineffectual	100	1000
https://hackerone.com/reports/900619	PlayStation	Reflected XSS on transact.playstation.com using postMessage from the opening window	94	1000
https://hackerone.com/reports/1624137	U.S. Dept Of Defense	LOGJ4 VUlnerability [HtUS]	92	1000
https://hackerone.com/reports/301812	Snapchat	Bitmoji source code is accessible	89	1000
https://hackerone.com/reports/429617	Shopify	Reverse Proxy misroute leading to steal X-Shopify-Access-Token header	88	1000
https://hackerone.com/reports/472651	Tron Foundation	Private key "tron" leaked via Travis CI Log	86	1000
https://hackerone.com/reports/753280	Razer	[Razer Pay Android App] Multiple vulnerabilities chained to allow "RedPacket" money to be stolen by a 3rd party	84	1000
https://hackerone.com/reports/557154	GitLab	DoS attack via comment on Issue	84	1000
https://hackerone.com/reports/152398	Internet Bug Bounty	In correct casting from size_t to int lead to heap overflow in mcrypt_generic	81	1000
https://hackerone.com/reports/519220	Ruby on Rails	File writing by Directory traversal at actionpack-page_caching and RCE by it	80	1000
https://hackerone.com/reports/790914	Razer	Blind SQL Injection at http://easytopup.in.th/es-services/mps.php via serial_no parameter	80	1000
https://hackerone.com/reports/1200700	Nextcloud	User deletion is not handled properly everywhere	78	1000
https://hackerone.com/reports/226756	VK.com	local file disclosure via FFmpeg hls processing	77	1000
https://hackerone.com/reports/1425474	Acronis	[CVE-2021-44228] nps.acronis.com is vulnerable to the recent log4shell 0-day	75	1000
https://hackerone.com/reports/618031	Shopify	Stored XSS in Discounts section	75	1000
https://hackerone.com/reports/2521419	Basecamp	Stored XSS on trix editor version 2.1.1	73	1000
https://hackerone.com/reports/1078002	Nextcloud	Nextcloud Desktop Client RCE via malicious URI schemes	73	1000
https://hackerone.com/reports/759090	Mail.ru	XSS via POST request to https://account.mail.ru/signup/	73	1000
https://hackerone.com/reports/1436142	Brave Software	New XSS vector in ReaderMode with %READER-TITLE-NONCE%	72	1000
https://hackerone.com/reports/826394	PlayStation	Authorization Token on PlayStation Network Leaks via postMessage function	72	1000
https://hackerone.com/reports/603941	Pornhub	Blind XSS in redtube administering site my.reflected.net	72	1000
https://hackerone.com/reports/1719719	Acronis	 mail.acronis.com is vulnerable to zero day vulnerability CVE-2022-41040	71	1000
https://hackerone.com/reports/926221	BugPoC	Improper use of "path" parameter can be used to trick testers into leaking their Front-End PoC	71	1000
https://hackerone.com/reports/690072	Mail.ru	XSS via Cookie in Mail.ru	71	1000
https://hackerone.com/reports/300176	Eternal	[https://reviews.zomato.com] Time Based SQL Injection	71	1000
https://hackerone.com/reports/307675	Keybase	Claiming ownership of GitHub handles via forked GitHub gists.	71	1000
https://hackerone.com/reports/889874	Mail.ru	[account.mail.ru] XSS-уязвимость в форме авторизации	70	1000
https://hackerone.com/reports/786745	Mail.ru	[API] ICQ user's avatar can be manipulated remotely	70	1000
https://hackerone.com/reports/1379297	Mail.ru	reflected xss in e.mail.ru	68	1000
https://hackerone.com/reports/789259	Razer	Blind SQL Injection(Time Based Payload) in  https://www.easytopup.in.th/store/game/digimon-master via CheckuserForm[user_id]	68	1000
https://hackerone.com/reports/184698	Slack	Eavesdropping on private Slack calls	67	1000
https://hackerone.com/reports/996303	Mail.ru	Cross-site Scripting (XSS) - DOM on https://account.mail.ru/user/garage?back_url=https://mail.ru	66	1000
https://hackerone.com/reports/977851	Shopify	Cache poisoning via X-Forwarded-Host in www.shopify.com/partners/blog	66	1000
https://hackerone.com/reports/2467999	Mozilla	Jira Credential Disclosure within Mozilla Slack	64	1000
https://hackerone.com/reports/116773	Internet Bug Bounty	Type Confusion Vulnerability - SOAP / make_http_soap_request()	64	1000
https://hackerone.com/reports/694053	Lark Technologies	[Lark Android] Vulnerability in exported activity WebView	62	1000
https://hackerone.com/reports/504951	Valve	Malformed playlist.txt in GoldSrc games leads to Access Violation & arbitrary code execution	62	1000
https://hackerone.com/reports/358669	Eternal	[www.zomato.com] SQLi on `order_id` parameter	62	1000
https://hackerone.com/reports/1984060	Mozilla	After the upload of an private file, using transformations, the file becomes public without the possibility of changing it.	61	1000
https://hackerone.com/reports/258582	Eternal	[www.zomato.com] Union SQLi + Waf Bypass	60	1000
https://hackerone.com/reports/305974	Internet Bug Bounty	Inappropriate URL parsing may cause security risk!	58	1000
https://hackerone.com/reports/1069045	Mail.ru	[web.icq.com] Stored XSS in Account Name	57	1000
https://hackerone.com/reports/702383	Razer	Payment PIN Verification Bypass	57	1000
https://hackerone.com/reports/1021885	Basecamp	Bypass of image rewriting / tracking blocker via srcset	55	1000
https://hackerone.com/reports/1624140	U.S. Dept Of Defense	SSRF to read AWS metaData at https://█████/ [HtUS]	54	1000
https://hackerone.com/reports/1038906	Mail.ru	XSS account.mail.ru	54	1000
https://hackerone.com/reports/128114	Snapchat	Administrator access to a Django Administration Panel on *.sc-corp.net via bruteforced credentials	54	1000
https://hackerone.com/reports/511381	GitLab	All functions that allow users to specify color code are vulnerable to ReDoS	53	1000
https://hackerone.com/reports/415484	Shopify	Stored xss	52	1000
https://hackerone.com/reports/2197244	Mozilla	Account deletion using the /v1/account/destroy API endpoint using account password without 2FA verification	51	1000
https://hackerone.com/reports/834071	Slack	XSS on link and window.opener 	49	1000
https://hackerone.com/reports/1544133	Kubernetes	SSRF vulnerability can be exploited when a hijacked aggregated api server such as metrics-server returns 30X	49	1000
https://hackerone.com/reports/265384	Rockstar Games	Stored XSS on support.rockstargames.com	49	1000
https://hackerone.com/reports/993722	PlayStation	Unrestricted access to quiesce functionality in dss.api.playstation.com REST API leads to unavailability of application	48	1000
https://hackerone.com/reports/867521	Snapchat	CreatorID leaked from public content posted to SnapMaps	48	1000
https://hackerone.com/reports/156258	Open-Xchange	OX (Guard): Stored Cross-Site Scripting via Incoming Email	48	1000
https://hackerone.com/reports/1694037	TikTok	Stored XSS in the ticketing system	46	1000
https://hackerone.com/reports/887879	Shopify	xss stored in https://your store.myshopify.com/admin/	46	1000
https://hackerone.com/reports/1167773	Kubernetes	Loading YAML in Java client can lead to command execution	44	1000
https://hackerone.com/reports/274844	Mail.ru	Stored XSS when you read eamils. <style>	44	1000
https://hackerone.com/reports/231444	Rockstar Games	Stored XSS in profile activity feed messages	44	1000
https://hackerone.com/reports/491415	Mail.ru	[https://pandao.ru] - PUT method available	43	1000
https://hackerone.com/reports/2109320	Mozilla	Potential Spoofing Risk through Firefox Private Relay Service	42	1000
https://hackerone.com/reports/776877	Razer	Improper access control on easytopup.in.th transaction page leads to user's information disclosure and may lead to account hijacking	41	1000
https://hackerone.com/reports/297534	Eternal	[www.zomato.com] Boolean SQLi - /█████.php	41	1000
https://hackerone.com/reports/975047	Shopify	User sensitive information disclosure	40	1000
https://hackerone.com/reports/1193321	Nextcloud	Scoped apptokens can be changed by that very apptoken	39	1000
https://hackerone.com/reports/152584	Harvest	S3 bucket takeover due to proxy.harvestfiles.com	38	1000
https://hackerone.com/reports/708081	Uber	Reflected XSS on https://www.uber.com	37	1000
https://hackerone.com/reports/317043	Mail.ru	Shell upload in http://widget.support.my.com/	36	1000
https://hackerone.com/reports/1034042	Mail.ru	Database read through file attachment [content://]	35	1000
https://hackerone.com/reports/301257	Eternal	[www.zomato.com] Boolean SQLi - /███████.php	35	1000
https://hackerone.com/reports/226199	HackerOne	Changing Victim's JIRA Integration Settings Through Multiple Bugs	35	1000
https://hackerone.com/reports/1360208	Mail.ru	 OS command injection on seedr.ru	34	1000
https://hackerone.com/reports/272044	Dropbox	Android - Access of some not exported content providers 	34	1000
https://hackerone.com/reports/1677541	Stripe	Fully TaxJar account control and ability to disclose and modify business account settings Due to Broken Access Control in /current_user_data	33	1000
https://hackerone.com/reports/785384	Mail.ru	Blind SSRF on [relap.io]	33	1000
https://hackerone.com/reports/535827	shopify-scripts	Buffer overflow in yywarning_s	33	1000
https://hackerone.com/reports/484339	Mail.ru	[api.pandao.ru] IDOR позволяет изменять адрес любого пользователя	33	1000
https://hackerone.com/reports/1651429	MetaMask	Bypass parsing of transaction data, users on the phishing site will transfer/approve  ERC20 tokens without being alerted	32	1000
https://hackerone.com/reports/380594	Augur	Full UI hijack via dormant browser service workers	32	1000
https://hackerone.com/reports/246794	Shopify	XSS on "widgets.shopifyapps.com" via "stripping" attribute and "shop" parameter	32	1000
https://hackerone.com/reports/283014	HackerOne	View Any Program's Team Members through GET https://hackerone.com/invitations/	32	1000
https://hackerone.com/reports/1593404	Cloudflare Public Bug Bounty	Sign in with Apple works on existing accounts, bypasses 2FA	31	1000
https://hackerone.com/reports/1011035	Mail.ru	XSS in message e.mail.ru 	31	1000
https://hackerone.com/reports/354262	Rockstar Games	stored XSS (angular injection) in support.rockstargames.com using zendesk register form via name parameter	31	1000
https://hackerone.com/reports/317557	Mail.ru	Race condition на market.games.mail.ru	31	1000
https://hackerone.com/reports/217790	Shopify	XSS in $shop$.myshopify.com/admin/ via twine template injection in "Shopify.API.Modal.input" method when using a malicious app	31	1000
https://hackerone.com/reports/421009	Shopify	H1514 Deanonymizing Exchange Marketplace private listings  	30	1000
https://hackerone.com/reports/313250	Valve	Xss was found by exploiting the URL markdown on http://store.steampowered.com	30	1000
https://hackerone.com/reports/231389	Rockstar Games	Stored XSS in snapmatic comments	30	1000
https://hackerone.com/reports/135217	Mapbox	Reflected cross-site scripting (XSS) on api.tiles.mapbox.com	30	1000
https://hackerone.com/reports/1400238	Internet Bug Bounty	Path Traversal and Remote Code Execution in Apache HTTP Server 2.4.49 and 2.4.50 (incomplete fix of CVE-2021-41773) (CVE-2021-42013)	29	1000
https://hackerone.com/reports/365199	Uber	Information Leakage - GitHub - VCenter configuration scripts, StorMagic usernames and password along with default ESXi root password	29	1000
https://hackerone.com/reports/159460	Slack	 Stored XSS(Cross Site Scripting) In Slack App Name	29	1000
https://hackerone.com/reports/2419776	Nextcloud	Ability to by-pass second factor 	28	1000
https://hackerone.com/reports/1624172	U.S. Dept Of Defense	[███████] Remote Code Execution at ██████ [CVE-2021-44529] [HtUS]	28	1000
https://hackerone.com/reports/824666	Mail.ru	o2.mail.ru XSS	28	1000
https://hackerone.com/reports/56511	Shopify	IDOR expire other user sessions	28	1000
https://hackerone.com/reports/1575560	TikTok	Internal Employee informations Disclosure via TikTok Athena api	27	1000
https://hackerone.com/reports/462503	GitLab	Claiming package names in GitLab's automatic package referencer.	26	1000
https://hackerone.com/reports/480928	Open-Xchange	Username restriction bypass with SSL client authentication	26	1000
https://hackerone.com/reports/1404731	Internet Bug Bounty	Path Traversal and Remote Code Execution in Apache HTTP Server 2.4.50	25	1000
https://hackerone.com/reports/939158	Mail.ru	cross site scripting bypass session 	25	1000
https://hackerone.com/reports/1000363	Mail.ru	Reflected XSS on https://e.mail.ru/compose/ via Body parameter	25	1000
https://hackerone.com/reports/264002	Rockstar Games	Stored XSS on member post feed	25	1000
https://hackerone.com/reports/1099489	Mail.ru	REST API Endpoint leads to Unauthorized user disclosed private [ issue ] details	23	1000
https://hackerone.com/reports/1087436	TikTok	CSRF on TikTok Ads Portal	23	1000
https://hackerone.com/reports/892510	Mail.ru	ICQ Android APP remote DoS	23	1000
https://hackerone.com/reports/161189	Internet Bug Bounty	select_colors write out-of-bounds	23	1000
https://hackerone.com/reports/324230	Mail.ru	Account Takeover on https://www.delivery-club.ru через партнерский аккаунт.	22	1000
https://hackerone.com/reports/1633231	Cloudflare Public Bug Bounty	Completely remove VPN profile from locked WARP iOS cient.	21	1000
https://hackerone.com/reports/888929	Mail.ru	Private file read through file attachment	21	1000
https://hackerone.com/reports/786822	Mail.ru	[Web ICQ Client] XSS уязвимость в имени пользователя	21	1000
https://hackerone.com/reports/163834	VK.com	Обход 2ух-шаговой авторизации / 2FA Bypass	21	1000
https://hackerone.com/reports/437142	GitLab	Instant open redirect on Live preview WEB Ide opening	20	1000
https://hackerone.com/reports/786741	Insolar	MAIL SPOOFING	20	1000
https://hackerone.com/reports/154369	Shopify	Unauthorized access to Zookeeper on http://locutus-zk3.ec2.shopify.com:2181	20	1000
https://hackerone.com/reports/1132160	Open-Xchange	Path Traversal in dict-fs and no-check Escape Character in oauth2-jwt	57	982
https://hackerone.com/reports/1285226	GitLab	Improper access control for users with expired password, giving the user full access through API and Git	47	950
https://hackerone.com/reports/411140	Vanilla	Vanilla Forums AddonManager getSingleIndex Directory Traversal File Inclusion Remote Code Execution Vulnerability	84	900
https://hackerone.com/reports/1406495	Shopify	Ability to Disable the Login Attempt of any Shopify Owner for 24 hrs  (Zero_Click)	65	900
https://hackerone.com/reports/1489077	Shopify	Bypass of fix #1370749	50	900
https://hackerone.com/reports/1216203	Mattermost	Mattermost Server OAuth Flow Cross-Site Scripting	43	900
https://hackerone.com/reports/537840	Open-Xchange	Another window.opener issue	33	900
https://hackerone.com/reports/1700734	Shopify	Shop App - Attacker is able to intercept authorization code during authentication (OAuth) and is able to get access to Microsoft Outlook email account	26	900
https://hackerone.com/reports/410221	Valve	unlock self-lock by brute force 	26	900
https://hackerone.com/reports/1087122	Shopify	[h1-2102] HTML injection in packing slips can lead to physical theft	21	900
https://hackerone.com/reports/194790	Open-Xchange	IDOR - Downloading all attachements if having access to a shared link	26	888
https://hackerone.com/reports/204984	Open-Xchange	IDOR - Accessing other user's attachements via PUT /appsuite/api/files?action=saveAs	20	888
https://hackerone.com/reports/296045	Open-Xchange	SSRF in VCARD photo upload functionality	49	850
https://hackerone.com/reports/299135	Open-Xchange	SSRF - RSS feed, blacklist bypass (301 re-direct)	33	850
https://hackerone.com/reports/299130	Open-Xchange	SSRF - RSS feed, blacklist bypass (IP Formatting)	32	850
https://hackerone.com/reports/293847	Open-Xchange	SSRF in /appsuite/api/autoconfig 	20	850
https://hackerone.com/reports/131202	X / xAI	[Critical] - Steal OAuth Tokens	30	840
https://hackerone.com/reports/419883	Shopify	H1514 [beerify.shopifycloud.com] GraphQL discloses internal beer consumption	57	802
https://hackerone.com/reports/2279572	Shopify	HTTP Response Header Injection in shopify/pitchfork + Rack 3	134	800
https://hackerone.com/reports/535436	Superhuman (formerly Grammarly)	Lack or Origin check leads to Cross-Site Websocket Hijacking (CSWSH)	133	800
https://hackerone.com/reports/1679734	Shopify	Account Takeover Vulnerability in Shopify Collabs Platform Due to Missing Email Verification	109	800
https://hackerone.com/reports/413412	Chaturbate	Reflected XSS on secure.chaturbate.com	69	800
https://hackerone.com/reports/1271944	Shopify	Shopify.com Web Cache Deception vulnerability leads to personal information and CSRF tokens leakage	47	800
https://hackerone.com/reports/420115	shopify-scripts	Crash in mrb_ary_push	37	800
https://hackerone.com/reports/217745	Shopify	XSS in $shop$.myshopify.com/admin/ via "Button Objects" in malicious app	30	800
https://hackerone.com/reports/276276	Mail.ru	Blind XXE on my.mail.ru	23	800
https://hackerone.com/reports/1692603	8x8	Jitsi Desktop Client RCE By Interacting with Malicious URL Schemes on Windows	51	777
https://hackerone.com/reports/1109620	New Relic	Untrusted deserialization issue when loading newrelic.yml file in Java agent leads to code execution on host	39	768
https://hackerone.com/reports/1888915	Mattermost	Reset password link sent over unsecured http protocol	437	750
https://hackerone.com/reports/723060	Razer	Reflected XSS at https://pay.gold.razer.com escalated to account takeover	287	750
https://hackerone.com/reports/724889	Eternal	[www.zomato.com] Blind XSS on one of the Admin Dashboard	220	750
https://hackerone.com/reports/697512	Eternal	Information Disclosure through Sentry Instance ███████	176	750
https://hackerone.com/reports/726773	GSA Bounty	HTTP Request Smuggling on https://labs.data.gov	159	750
https://hackerone.com/reports/138703	Pornhub	View storyboard of private video @ ht.pornhub.com	130	750
https://hackerone.com/reports/377107	ownCloud	Possible to steal any protected files on Android	114	750
https://hackerone.com/reports/532225	Eternal	[Zomato Order] Insecure deeplink leads to sensitive information disclosure	112	750
https://hackerone.com/reports/303730	GSA Bounty	Defacement of catalog.data.gov via web cache poisoning to stored DOMXSS	91	750
https://hackerone.com/reports/1128357	Rockstar Games	Password and mail address stored unencrypted in memory - Rockstar Game Launcher	88	750
https://hackerone.com/reports/671605	Mail.ru	Avatar upload allows arbitrary file overwriting	88	750
https://hackerone.com/reports/3360354	Nextcloud	WebAuthn app was updated based on public key	81	750
https://hackerone.com/reports/667242	Valve	[steam client] Opening a specific steam:// url overwrites files at an arbitrary location	79	750
https://hackerone.com/reports/387760	Shipt	Subdomain Takeover at test.shipt.com	73	750
https://hackerone.com/reports/1354161	Pornhub	Reflected XSS on www.pornhub.com and www.pornhubpremium.com	71	750
https://hackerone.com/reports/665651	GSA Bounty	Stealing Users OAuth Tokens through redirect_uri parameter	65	750
https://hackerone.com/reports/1050244	Nextcloud	Two-factor authentication enforcement bypass	61	750
https://hackerone.com/reports/1167916	Nextcloud	Default Nextcloud Server and Android Client leak sharee searches to Nextcloud	57	750
https://hackerone.com/reports/1166943	Mail.ru	[tanks.mail.ru] SSRF + Кража cookie 	55	750
https://hackerone.com/reports/1668028	Nextcloud	XSS in Desktop Client in the notifications	50	750
https://hackerone.com/reports/753868	Zenly	Insecure Storage and Overly Permissive  API Keys in Android App	50	750
https://hackerone.com/reports/251224	Grab	Blind stored xss [parcel.grab.com] > name parameter 	50	750
https://hackerone.com/reports/1442783	Rockstar Games	Improper Authentication inside the Rockstar Games Launcher which leads to Account takeover to some extend	49	750
https://hackerone.com/reports/1093667	Zenly	Google  Maps API key stored as plain text leading to DOS and financial damage	49	750
https://hackerone.com/reports/3313408	Dynatrace	OneAgent Unprivileged NTLM User Coercion	47	750
https://hackerone.com/reports/378582	Mail.ru	[e.mail.ru] XSS в поиске	42	750
https://hackerone.com/reports/212721	HackerOne	IE 11 Self-XSS on Jira Integration Preview Base Link	42	750
https://hackerone.com/reports/541858	Mail.ru	[geekbrains.ru] CVE-2019-5418 Ruby on Rails File Content Disclosure	40	750
https://hackerone.com/reports/351171	Valve	Stored XXS @ https://steamcommunity.com/search/users/#text= via Profile Name	40	750
https://hackerone.com/reports/312118	GitLab	Using GitLab to monitor and hijack domains in mass quantity.	39	750
https://hackerone.com/reports/342709	Rockstar Games	Smuggle SocialClub's Facebook OAuth Code via Referer Leakage	38	750
https://hackerone.com/reports/580268	Uber	API on campus-vtc.com allows access to ~100 Uber users full names, email addresses and telephone numbers.	34	750
https://hackerone.com/reports/299473	GitLab	Evaluating Ruby code by injecting Rescue job on the system_hook_push queue through web hook	34	750
https://hackerone.com/reports/2289425	Nextcloud	Can reshare read&share only folder with more permissions	30	750
https://hackerone.com/reports/1878391	Nextcloud	ID4ME does not validate signature or expiration	29	750
https://hackerone.com/reports/1436558	Brave Software	Universal XSS with Playlist feature	27	750
https://hackerone.com/reports/1353103	GitLab	Drive-by arbitrary file deletion in the GDK via letter_opener_web gem	27	750
https://hackerone.com/reports/411329	Valve	code injection, steam chat client	27	750
https://hackerone.com/reports/741862	Mail.ru	Mail.Ru Email for Android: Injecting custom screen inside adding new account flow	26	750
https://hackerone.com/reports/702252	Razer	DLL Hijacking in Synapse 2  CrashSender1402.exe via version.dll	26	750
https://hackerone.com/reports/251732	Mail.ru	uninitilized server memory disclosure via ImageMagick in my.mail.ru and cloud.mail.ru	25	750
https://hackerone.com/reports/350937	Valve	GetReports works for hubs you don't have access to	23	750
https://hackerone.com/reports/1265709	Nextcloud	Lack of bruteforce protection for TOTP 2FA	22	750
https://hackerone.com/reports/590279	Valve	[CS 1.6] Map cycle abuse allows arbitrary file read/write	22	750
https://hackerone.com/reports/202725	Mapbox	Public access to objects in AWS S3 bucket	22	750
https://hackerone.com/reports/216746	Phabricator	Phabricator is vulnerable to padding oracle attacks and chosen-ciphertext attacks.	22	750
https://hackerone.com/reports/217007	Mail.ru	Stored XSS in e.mail.ru (payload affect multiple users)	21	750
https://hackerone.com/reports/795272	Razer	Insecure HostnameVerifier within WebView of Razer Pay Android (TLS Vulnerability)	20	750
https://hackerone.com/reports/248656	Nextcloud	bypass of 2FA	20	750
https://hackerone.com/reports/485748	X / xAI	Stored XSS on reports.	230	700
https://hackerone.com/reports/503298	X / xAI	Multiple XSS on account settings that can hijack any users in the company. 	73	700
https://hackerone.com/reports/1050231	VK.com	Path Traversal в iOS приложении	55	700
https://hackerone.com/reports/292761	VK.com	Stealing Private Information in VK Android App through PlayerProxy Port Remotely	50	700
https://hackerone.com/reports/1646340	Showmax	delete the subaccount from the user id	31	700
https://hackerone.com/reports/1067809	CS Money	Cookie poisoning leads to DOS and Privacy Violation	30	700
https://hackerone.com/reports/334691	VK.com	Reflected XSS в /al_audio.php	25	700
https://hackerone.com/reports/843256	8x8	Open TURN relay abuse is possible due to lack of peer access control (Critical)	23	700
https://hackerone.com/reports/341675	VK.com	Просмотр любых записей на стене	21	700
https://hackerone.com/reports/330378	VK.com	ПРОСМОТР ЛЮБЫХ ПРИВАТНЫХ ФОТО + ПРЕВЬЮ ЛЮБОГО ПРИВАТНОГО ВИДЕО.	20	700
https://hackerone.com/reports/179568	Open-Xchange	Tab nabbing via window.opener	30	666
https://hackerone.com/reports/1113289	GitLab	Guest users can create new test cases	49	650
https://hackerone.com/reports/415967	Brave Software	chrome://brave navigation from web	21	650
https://hackerone.com/reports/197337	Rockstar Games	[IMP] - Blind XSS in the admin panel for reviewing comments	20	650
https://hackerone.com/reports/1372216	GitLab	IDOR in "external status check" API leaks data about any status check on the instance	33	610
https://hackerone.com/reports/1117768	GitLab	Guest Users can create issues for Sentry errors and track their status	29	610
https://hackerone.com/reports/1860380	Acronis	PUT Based CSRF via Client Side Path Traversal + Cookie Bomb on Acronis Cloud	76	600
https://hackerone.com/reports/1080437	Bumble	Bumble API exposes read status of chat messages	73	600
https://hackerone.com/reports/869705	OPPO	Arbitrary thread deletion on c.realme.com	73	600
https://hackerone.com/reports/1775162	Linktree	XSS in linktr.ee - on link thumbnail adding	68	600
https://hackerone.com/reports/404797	Eternal	IDOR to delete images from other stores	65	600
https://hackerone.com/reports/1718574	Linktree	A malicious admin can be able to permanently disable a Owner(Admin) to access his account	52	600
https://hackerone.com/reports/358570	Vanilla	A SQL injection vulnerability in Vanilla	51	600
https://hackerone.com/reports/353784	Vanilla	Vanilla SQL Injection Vulnerability	45	600
https://hackerone.com/reports/410237	Vanilla	Vanilla Forums ImportController index file_exists Unserialize Remote Code Execution Vulnerability	39	600
https://hackerone.com/reports/785577	Lark Technologies	Improper generating of access link at go.larksuite.com leads to access to other organizations/users' private data	33	600
https://hackerone.com/reports/410882	Vanilla	Vanilla Forums domGetImages getimagesize Unserialize Remote Code Execution Vulnerability (critical)	32	600
https://hackerone.com/reports/214001	Files.com	File access controls incorrectly enforced for files shared via QuickLink - Unshared files can be accessed	27	600
https://hackerone.com/reports/1350095	Shopify	Staff  can use BULK_OPERATIONS_FINISH webhook topic using Graphql without permissions all	26	600
https://hackerone.com/reports/407552	Vanilla	Vanilla Forums Gdn_Format unserialize() Remote Code Execution Vulnerability	25	600
https://hackerone.com/reports/53531	Mapbox	Logging a user into attacker's account using password reset link	23	600
https://hackerone.com/reports/1112297	GitLab	Reporters can upload design to issues using the "Move to" feature	21	600
https://hackerone.com/reports/574962	X / xAI	Verify any unused email address	195	560
https://hackerone.com/reports/945990	X / xAI	Safe Redirect Bypass 	97	560
https://hackerone.com/reports/1032610	X / xAI	Chained open redirects and use of Ideographic Full Stop defeat Twitter's  approach to blocking links	69	560
https://hackerone.com/reports/921286	X / xAI	Denial of Service  [Chrome]	66	560
https://hackerone.com/reports/491473	X / xAI	Protected tweets exposure through the URL	66	560
https://hackerone.com/reports/2437050	Internet Bug Bounty	CVE-2024-2379: QUIC certificate check bypass with wolfSSL	37	560
https://hackerone.com/reports/635597	X / xAI	Wrong Interpretation of URL encoded characters, showing different punny code leads to redirection on different domain	37	560
https://hackerone.com/reports/666632	X / xAI	Delete direct message history without access the proper conversation_id	33	560
https://hackerone.com/reports/781673	X / xAI	Accepting error message on twitter sends you to attacker site	33	560
https://hackerone.com/reports/906433	X / xAI	Android WebViews in Twitter app are vulnerable to UXSS due to configuration and CVE-2020-6506	32	560
https://hackerone.com/reports/2437131	Internet Bug Bounty	Usage of disabled protocol in curl	30	560
https://hackerone.com/reports/1392211	X / xAI	Remote 0click exfiltration of Safari user's IP address	28	560
https://hackerone.com/reports/1225164	X / xAI	Identify the mobile number of a twitter user	28	560
https://hackerone.com/reports/1015373	X / xAI	The Deleted Polls is Still Accessable after 30 Days	27	560
https://hackerone.com/reports/142549	X / xAI	Information Disclosure through .DS_Store in ██████████	27	560
https://hackerone.com/reports/583819	X / xAI	cookie injection allow dos attack to periscope.tv	26	560
https://hackerone.com/reports/713285	X / xAI	http request smuggling in pscp.tv and periscope.tv	24	560
https://hackerone.com/reports/1421345	X / xAI	Link-shortener bypass (regression on fix for #1032610)	23	560
https://hackerone.com/reports/185862	X / xAI	Twitter for android is exposing user's location to any installed android app	23	560
https://hackerone.com/reports/768677	X / xAI	lack of input validation that can lead Denial of Service (DOS)	22	560
https://hackerone.com/reports/278182	Dropbox	Dropbox employee benefits documents are available in a test Dropbox folder	29	559
https://hackerone.com/reports/426165	Eternal	[www.zomato.com] CORS Misconfiguration, could lead to disclosure of sensitive information	242	550
https://hackerone.com/reports/749338	Showmax	Open Redirect in secure.showmax.com	225	550
https://hackerone.com/reports/1920908	Rockstar Games	Access to the business emails of Rockstar Support agents through the support platform	146	550
https://hackerone.com/reports/960618	InnoGames	Cache Poisoning via uppercase letters in invalid path	82	550
https://hackerone.com/reports/3211031	Cloudflare Public Bug Bounty	`use-mcp`'s oauth2 process uses a window.open call with untrusted mcp server provided data allowing for code execution under the page using it	74	550
https://hackerone.com/reports/511275	InnoGames	Unprivileged alliance member is able to recruit new members to his alliance and accepting them (xs1.grepolis.com)	70	550
https://hackerone.com/reports/2208656	Internet Bug Bounty	CVE-2023-42663: Apache Airflow: Bypass permission verification to view task instances of other dags	50	540
https://hackerone.com/reports/2293731	Internet Bug Bounty	Command Injection using malicious hostname in expanded proxycommand	39	540
https://hackerone.com/reports/2340833	Internet Bug Bounty	Apache Airflow: Bypass permission verification to read code of other dags	29	540
https://hackerone.com/reports/2121960	Internet Bug Bounty	CVE-2023-40273: Session fixation in Apache Airflow web interface	26	540
https://hackerone.com/reports/173681	Enter	[CRITICAL]-Taking over entire subdomain of romit.io	35	513
https://hackerone.com/reports/423022	Discourse	Account takeover at https://try.discourse.org due to no CSRF protection in connecting Yahoo account	87	512
https://hackerone.com/reports/213558	Discourse	Arbitrary Local-File Read from Admin - Restore From Backup due to Symlinks	52	512
https://hackerone.com/reports/214022	Discourse	Admin Command Injection via username in user_archive ExportCsvFile	45	512
https://hackerone.com/reports/642475	Dropbox	Broken OAuth leads to change photo profile users .	37	512
https://hackerone.com/reports/2792776	Internet Bug Bounty	[CVE-2024-47888] Possible ReDoS vulnerability in plain_text_for_blockquote_node in Action Text	59	505
https://hackerone.com/reports/2721478	Internet Bug Bounty	`std::process::Command` batch files argument escaping could be bypassed with trailing whitespace or periods	53	505
https://hackerone.com/reports/2894283	Internet Bug Bounty	netrc and redirect credential leak	49	505
https://hackerone.com/reports/3002543	Internet Bug Bounty	CVE-2024-43398: DoS vulnerability in REXML	45	505
https://hackerone.com/reports/3078856	Internet Bug Bounty	Apache Airflow Sql injection by authenticated user	34	505
https://hackerone.com/reports/957829	New Relic	Sending thousands of notifications with single request	29	500
https://hackerone.com/reports/2035332	HackerOne	RXSS at image.hackerone.live via the `url` parameter	166	500
https://hackerone.com/reports/386144	VK.com	Bypass User Interaction to initiate a VoIP call to Another User	41	500
https://hackerone.com/reports/840759	HackerOne	Reflected XSS on www.hackerone.com and resources.hackerone.com	385	500
https://hackerone.com/reports/492841	Postmates	Web cache poisoning attack leads to user information and more	343	500
https://hackerone.com/reports/809819	Visma Public	HTML-injection in PDF-export leads to LFI	330	500
https://hackerone.com/reports/809816	Helium	Organization Takeover	259	500
https://hackerone.com/reports/474656	HackerOne	Cross-site Scripting (XSS) on HackerOne careers page	236	500
https://hackerone.com/reports/986386	HackerOne	Reflected XSS on www.hackerone.com via Wistia embed code	235	500
https://hackerone.com/reports/654198	HackerOne	Manipulate hacker profile and private program hacktivity to expose your name as researchers who is actively submitting reports with resolve status	213	500
https://hackerone.com/reports/398054	HackerOne	DOM Based XSS in www.hackerone.com via PostMessage	205	500
https://hackerone.com/reports/800109	HackerOne	An invite-only's program submission state is accessible to users no longer part of the program	194	500
https://hackerone.com/reports/1770797	HackerOne	adding h1_analyst_* to username for normal users 	184	500
https://hackerone.com/reports/702677	Razer	Unauthenticated access to sensitive user information	184	500
https://hackerone.com/reports/674757	HackerOne	Total Paid Bounty Paid can be disclose	168	500
https://hackerone.com/reports/700051	Razer	Misconfigured s3 Bucket exposure	168	500
https://hackerone.com/reports/11073	Slack	XSS in gist integration	157	500
https://hackerone.com/reports/766633	pixiv	XSS reflected on [https://www.pixiv.net]	143	500
https://hackerone.com/reports/919988	Visma Public	HTTP Request Smuggling at app.workbox.dk	139	500
https://hackerone.com/reports/819807	Nextcloud	Missing ownership check on remote wipe endpoint	139	500
https://hackerone.com/reports/2541962	pixiv	Disclose Hidden Comments on Media Section of hub.vroid.com	127	500
https://hackerone.com/reports/2848610	TikTok	IDOR on ads.tiktok.com Allows Unauthorized Product Addition	127	500
https://hackerone.com/reports/694604	Lob	HTTP Request Smuggling on vpn.lob.com	123	500
https://hackerone.com/reports/961046	Acronis	Stored XSS in backup scanning plan name	120	500
https://hackerone.com/reports/1365738	Flickr	critical server misconfiguration lead to access to any user sensitive data which include user email and password	115	500
https://hackerone.com/reports/1669764	SideFX	Stored XSS in messages	110	500
https://hackerone.com/reports/2381253	HackerOne	Ability to identify actual private from sandboxed programs using link hackerone.com/$handle/terms_acceptance_data.csv	107	500
https://hackerone.com/reports/1940245	Shopify	Reflected XSS on help.shopify.com	106	500
https://hackerone.com/reports/756729	Shopify	Stored XSS in Shopify Chat 	105	500
https://hackerone.com/reports/669438	HackerOne	[Bypass #645264] Report title disclosure despite the program settings for email notification is set to "No Content"	104	500
https://hackerone.com/reports/461272	Eternal	[www.zomato.com] Blind XSS in one of the admin dashboard	101	500
https://hackerone.com/reports/1962951	Reddit	Regression on dest parameter sanitization doesn't check scheme/websafe destinations	98	500
https://hackerone.com/reports/863551	HackerOne	Subdomain takeover of resources.hackerone.com	94	500
https://hackerone.com/reports/637194	Shopify	Bypass of biometrics security functionality is possible in Android application (com.shopify.mobile)	88	500
https://hackerone.com/reports/3250315	8x8	█.8x8.vc/index.js: Exposed Google Maps API Key Allowing Potential Abuse of Paid Services	85	500
https://hackerone.com/reports/2381816	Tools for Humanity	IDOR - Leaking of team data (name, email, ID, member ID) via POST /api/v1/graphql  `FetchMemberships` operation	85	500
https://hackerone.com/reports/1162443	Shopify	No Session Expiry after log-out, attacker can reuse the old cookies	85	500
https://hackerone.com/reports/696266	HackerOne	"Bounties paid in the last 90 days" discloses the undisclosed bounty amount in program statistics	84	500
https://hackerone.com/reports/1323406	Affirm	IDOR to view order information of users and personal information	83	500
https://hackerone.com/reports/834366	HackerOne	Login CSRF vulnerability on hackerone.com	81	500
https://hackerone.com/reports/1848940	Shopify	URL Path Manipulation Enables Cache Poisoning of Amazon Affiliate Products in Shopify Linkpop	80	500
https://hackerone.com/reports/1376672	Judge.me 	Stored XSS in Email Templates via link	80	500
https://hackerone.com/reports/223203	Shopify	SVG Server Side Request Forgery (SSRF)	80	500
https://hackerone.com/reports/1052856	VK.com	Reflected XSS в /video	79	500
https://hackerone.com/reports/876192	Brave Software	Cookie steal through content Uri	78	500
https://hackerone.com/reports/1826141	HackerOne	HackerOne Undisclosed Report Leak via PoC of Full Disclosure on Hacktivity	77	500
https://hackerone.com/reports/1878381	Nextcloud	CSRF protection on OIDC login is broken	76	500
https://hackerone.com/reports/2899858	Mozilla	Subdomain takeover on a subdomain under firefox.com	75	500
https://hackerone.com/reports/2054222	HackerOne	Usernames still visible on report export pdf despite "I want to redact all usernames" is selected	74	500
https://hackerone.com/reports/212700	Rockstar Games	XSS on rockstargames.com	74	500
https://hackerone.com/reports/958374	HackerOne	Pentester can obtain information about other pentesters who applied for the same test, but weren't accepted	74	500
https://hackerone.com/reports/134321	Algolia	RCE on facebooksearch.algolia.com	74	500
https://hackerone.com/reports/1626508	U.S. Dept Of Defense	IDOR leading unauthenticated attacker to download documents discloses PII of users and soldiers via https://www.█████████/Download.aspx?id= [HtUS]	73	500
https://hackerone.com/reports/1337351	TikTok	BYPASSING COMMENTING ON RESTRICTED  AUDIENCE VIDEOS	72	500
https://hackerone.com/reports/707406	HackerOne	Team object in GraphQL disclosed of private programs via the industry	72	500
https://hackerone.com/reports/867249	HackerOne	The hacker has access to the administrative part of the management reports in publish report	71	500
https://hackerone.com/reports/3253725	Brave Software	SameSite restrictions are lifted, and SameSite:Strict cookie are being sent.	70	500
https://hackerone.com/reports/1540969	HackerOne	Race condition in joining CTF group	70	500
https://hackerone.com/reports/361438	Uber	Open AWS S3 bucket at ubergreece.s3.amazonaws.com exposes confidential internal documents and files	70	500
https://hackerone.com/reports/1884042	Brave Software	UXss on brave browser via scan QR Code	68	500
https://hackerone.com/reports/514451	HackerOne	Deprecated Hacker101 coursework repository mentions Heroku App that is susceptible to takeover	68	500
https://hackerone.com/reports/429679	Shopify	POST-based XSS on apps.shopify.com	68	500
https://hackerone.com/reports/424669	Shopify	Subdomain Takeover Via unclaimed Heroku Instance tim-exclusive.shopify.com	67	500
https://hackerone.com/reports/452973	HackerOne	Inline banner on Report page discloses whether organization runs a private program	67	500
https://hackerone.com/reports/2706358	Mozilla	[ addons-preview-cdn.mozilla.net ] A subdomain takeover is available via unregistered domain in Fastly	66	500
https://hackerone.com/reports/390	HackerOne	Pixel flood attack	66	500
https://hackerone.com/reports/1433125	TikTok	Cross site scripting via file upload in subdomain ads.tiktok.com	64	500
https://hackerone.com/reports/996041	Reddit	Image queue default key of 'None' and GraphQL unhandled type exception	63	500
https://hackerone.com/reports/1064095	Acronis	Stored XSS in Acronis Cyber Protect Console	63	500
https://hackerone.com/reports/1887917	IRCCloud	XSS from Mastodon embeds	62	500
https://hackerone.com/reports/1179241	HackerOne	Private program disclosure of `██████████` through notifications	62	500
https://hackerone.com/reports/689997	HackerOne	Disclosure of Email title report in quick award paypout email (no content mode)	62	500
https://hackerone.com/reports/570537	Pornhub	SSRF and local file disclosure by video upload on https://www.redtube.com/upload	61	500
https://hackerone.com/reports/417170	Shopify	Using GraphQL, STAFF with NO explicit permissions on Store can retrieve Shopify Payments Balance.	61	500
https://hackerone.com/reports/105953	HackerOne	Parameter pollution in social sharing buttons	61	500
https://hackerone.com/reports/347439	New Relic	[synthetics.newrelic.com] SMTP header injection leads to (mass) arbitrary email sending	60	500
https://hackerone.com/reports/2513333	Mozilla	csrftoken not unique to session or specific user and csrfmiddlewaretoken  can be altered	59	500
https://hackerone.com/reports/502753	Semmle	Email addresses exposed in getPersonBySlug API	59	500
https://hackerone.com/reports/757100	Mail.ru	HTML injection at face.city-mobil.ru	57	500
https://hackerone.com/reports/1068301	LY Corporation	File sizes may be manipulated into negative numbers when uploading	56	500
https://hackerone.com/reports/409701	Shopify	SSRF in hatchful.shopify.com	56	500
https://hackerone.com/reports/154096	Uber	Blind OOB XXE At "http://ubermovement.com/"	56	500
https://hackerone.com/reports/1297689	Affirm	Subdomain takeover of www█████████.affirm.com	55	500
https://hackerone.com/reports/982510	Shopify	Self XSS	55	500
https://hackerone.com/reports/2221404	Mozilla	RCE on worker host due to unsanitized "env" variable name in task definition on community-tc.services.mozilla.com	54	500
https://hackerone.com/reports/1131465	Ruby	Path traversal in Tempfile on windows OS due to unsanitized backslashes	54	500
https://hackerone.com/reports/331691	HackerOne	Email Forwarding invitations for Drafts are not marked as accepted, allowing multiple users to join a program after disabling Email Forwarding	54	500
https://hackerone.com/reports/1257767	Stripe	HTML Injection in the Invoice memos field	53	500
https://hackerone.com/reports/1055823	Helium	SSRF By adding a custom integration on console.helium.com	53	500
https://hackerone.com/reports/965267	Ruby	Potential HTTP Request Smuggling in ruby webrick	53	500
https://hackerone.com/reports/446238	GitLab	EXIF metadata not stripped from JPG group logos	53	500
https://hackerone.com/reports/574133	Pornhub	SSRF and local file disclosure by video upload on https://www.tube8.com/	53	500
https://hackerone.com/reports/398316	Open-Xchange	CSRF combined with IDOR within Document Converter exposes files	52	500
https://hackerone.com/reports/662083	Shopify	Inject page in admin panel via Shopify.API.pushState	51	500
https://hackerone.com/reports/1724016	Nextcloud	Download permissions can be changed by resharer	49	500
https://hackerone.com/reports/1115763	VK.com	XSS в сюжетах.	49	500
https://hackerone.com/reports/3608199	Basecamp	DOM XSS in `fizzy.do` import filename preview enables one-click victim account takeover	48	500
https://hackerone.com/reports/703894	GitLab	View the Starred Projects in a Private Profile	48	500
https://hackerone.com/reports/743687	Mail.ru	IDOR of users 	48	500
https://hackerone.com/reports/475660	HackerOne	Response program can display "eligible for bounty" in scope area in program policy	47	500
https://hackerone.com/reports/1987062	Nextcloud	Password reset endpoint is not brute force protected	46	500
https://hackerone.com/reports/871142	HackerOne	Disclosure of the name of a program that has a private part with an external link	46	500
https://hackerone.com/reports/417382	HackerOne	Revoking user session in https://hackerone.com/settings/sessions does not revoke the GraphQL query session	46	500
https://hackerone.com/reports/423218	Shopify	H1514 DOM XSS on checkout.shopify.com via postMessage handler on /:id/sandbox/google_maps	45	500
https://hackerone.com/reports/460920	HackerOne	Response program can create bounty table	45	500
https://hackerone.com/reports/357485	HackerOne	Hacktivity of a private program visible to banned user if he gets invited to a program by hackbot	45	500
https://hackerone.com/reports/2447316	Nextcloud	User can copy locked folders and gain access to the contents	44	500
https://hackerone.com/reports/418474	HackerOne	Disclosing a private program in an external link if program is paused	44	500
https://hackerone.com/reports/156948	HackerOne	Repeated mediation requests and multiple emails possible on a report.	44	500
https://hackerone.com/reports/302885	HackerOne	ImageMagick GIF coder vulnerability leading to memory disclosure	44	500
https://hackerone.com/reports/1337624	Brave Software	Information disclosure-Referer leak	43	500
https://hackerone.com/reports/303378	Open-Xchange	SSRF - Blacklist bypass for mail account addition	43	500
https://hackerone.com/reports/591786	Shopify	XSS on services.shopify.com	43	500
https://hackerone.com/reports/356566	HackerOne	HackerOne support disclosing report state without checking user identity	43	500
https://hackerone.com/reports/1717626	Consensys	Sub-Domain Takeover at   http://www.codefi.consensys.net/	42	500
https://hackerone.com/reports/348090	Linux Foundation Decentralized Trust	many commands can be manipulated to delete identities or affiliations	42	500
https://hackerone.com/reports/756879	Mail.ru	Leak Sensetive Data at face.city-mobil.ru	42	500
https://hackerone.com/reports/1579374	Brave Software	Browser is not following proper flow for redirection cause open redirect 	41	500
https://hackerone.com/reports/1213765	Reddit	IDOR to pay less for coin purchases on oauth.reddit.com via /api/v2/gold/paypal/create_coin_purchase_order in `order_id` parameter 	41	500
https://hackerone.com/reports/1219011	HackerOne	Report Bulk endpoint "agree-on-going-public" action may reveal Report disclosure state for invite-only programs	41	500
https://hackerone.com/reports/520883	Mail.ru	[special.mail.ru] Information Disclosure	41	500
https://hackerone.com/reports/411930	HackerOne	User with privilege to maintain External Programs can update certain churned HackerOne programs	41	500
https://hackerone.com/reports/1498353	TikTok	View thumbnail of any private video (friends or followers only) of Private/Public account 	40	500
https://hackerone.com/reports/1748961	Consensys	CSV Injection at https://assets-paris-demo.codefi.network/	40	500
https://hackerone.com/reports/754339	Razer	Improper Authorization at https://api-my.pay.razer.com/v1/trxDetail?trxId=[Id] allowing unauthorised access to other user's transaction details	40	500
https://hackerone.com/reports/546220	Mail.ru	Stored xss on message reply	40	500
https://hackerone.com/reports/87027	Keybase	[keybase.io] Open Redirect	40	500
https://hackerone.com/reports/1234746	HackerOne	Private program disclosure through notifications	39	500
https://hackerone.com/reports/868615	Shopify	Inject page in admin panel via Shopify.API.pushState with protocol invalid	39	500
https://hackerone.com/reports/314204	Open-Xchange	[XSS] Style/Event Filter Bypass v3.0	39	500
https://hackerone.com/reports/397088	Shopify	Stored XSS on buy button	39	500
https://hackerone.com/reports/214839	HackerOne	Report invitation links not restricted to any existing user	39	500
https://hackerone.com/reports/222724	Mapbox	Open Aws Amazon S3 Buckets	39	500
https://hackerone.com/reports/1913263	Mozilla	HTML Injection at https://stage.firefoxmonitor.nonprod.cloudops.mozgcp.net/user/unsubscribe	38	500
https://hackerone.com/reports/1454359	VK.com	Reflected Xss On https://vk.com/search	38	500
https://hackerone.com/reports/382678	Snapchat	Client IP Spoofing using "X-Forwarded-For: 127.0.0.1" on "studio-app.snapchat.com" exposing bucket details	38	500
https://hackerone.com/reports/375083	Slack	Private application files can be uploaded to Slack via malicious uploader	38	500
https://hackerone.com/reports/146593	Pornhub	RCE Possible Via Video Manager Export using @ character in Video Title	38	500
https://hackerone.com/reports/1356508	Nextcloud	Read-only users can restore old versions	37	500
https://hackerone.com/reports/1531235	TikTok	CSRF in Changing User Verification Email	37	500
https://hackerone.com/reports/988332	LY Corporation	Webview in LINE client for iOS will render application/octet-stream files as HTML	37	500
https://hackerone.com/reports/297181	HackerOne	Common response suggestion is sent to Google Analytics when user accepts duplicate comment Genius suggestion	37	500
https://hackerone.com/reports/2166697	HackerOne	Ability to bulk submit reports via query named based batching	36	500
https://hackerone.com/reports/366638	Uber	[data-07.uberinternal.com] SSRF in Portainer app lead to access to Internal Docker API without Auth	36	500
https://hackerone.com/reports/1322322	LocalTapiola	Cookie exfiltration through XSS on the main search request of www.lahitapiola.fi	36	500
https://hackerone.com/reports/1626236	U.S. Dept Of Defense	Critical sensitive information Disclosure. [HtUS]	36	500
https://hackerone.com/reports/316475	VK.com	Reflected xss в m.vk.com/chatjoin	36	500
https://hackerone.com/reports/767944	Razer	dom based xss on [hello.merchant.razer.com]	36	500
https://hackerone.com/reports/172289	HackerOne	HackerOne Integrations Design Issue	36	500
https://hackerone.com/reports/226418	HackerOne	HackerOne reports escalation to JIRA is CSRF vulnerable	36	500
https://hackerone.com/reports/1078479	Mail.ru	Full Account Takeover In ****.ru	35	500
https://hackerone.com/reports/317321	RubyGems	Delete directory using symlink when decompressing tar	35	500
https://hackerone.com/reports/755679	Shopify	Timeline Editor Self-XSS (Previous Fix #738072 Incomplete)	35	500
https://hackerone.com/reports/738072	Shopify	XSS on product comments in transfers	35	500
https://hackerone.com/reports/574134	Pornhub	SSRF and local file disclosure by video upload on http://www.youporn.com/	35	500
https://hackerone.com/reports/413759	Shopify	Race condition at create new Location	35	500
https://hackerone.com/reports/307670	Keybase	Difference in query string parameter processing between Hacker News and Keybase Chrome extension spawns chat to incorrect user	35	500
https://hackerone.com/reports/240083	HackerOne	Updating payout preference to CurrencyCloud doesn't notify user via email	35	500
https://hackerone.com/reports/159526	HackerOne	Information leakage of private program	35	500
https://hackerone.com/reports/1918525	Nextcloud	Brute force protection allows to send more requests than intended	34	500
https://hackerone.com/reports/1056144	Acronis	Acronis True Image  (Windows) does not validate server certificate on a TLS connection	34	500
https://hackerone.com/reports/602767	Shopify	DOM XSS via Shopify.API.Modal.initialize	34	500
https://hackerone.com/reports/317391	Rockstar Games	Exploiting Misconfigured CORS to Steal User Information	34	500
https://hackerone.com/reports/412490	Superhuman (formerly Grammarly)	Permissive CORS policy trusting arbitrary extensions origin	33	500
https://hackerone.com/reports/299806	Open-Xchange	Stored XSS 	33	500
https://hackerone.com/reports/268245	Mail.ru	XSS in biz.mail.ru/error	33	500
https://hackerone.com/reports/1101500	VK.com	Stored XSS при удалении группы из беседы (m.vk.com)	32	500
https://hackerone.com/reports/308610	Valve	Read Access to all comments on unauthorized forums' discussions! IDOR! 	32	500
https://hackerone.com/reports/243943	Shopify	IDOR [partners.shopify.com] - User with ONLY Manage apps permission is able to get shops info and staff names from inside the shop	32	500
https://hackerone.com/reports/1848062	Brave Software	download file type warning on Windows does not appear if "ask where to save file before downloading" setting is enabled	31	500
https://hackerone.com/reports/1783015	Urban Company	Host header injection that bypassed protection and allowed accessing multiple subdomains	31	500
https://hackerone.com/reports/534908	pixiv	CSRF at https://chatstory.pixiv.net/imported	31	500
https://hackerone.com/reports/1072873	Acronis	SSRF when configuring Website Backup on Acronis Cloud	30	500
https://hackerone.com/reports/827051	Open-Xchange	Use after free in smtp_server_connection_handle_command	30	500
https://hackerone.com/reports/1990443	ownCloud	Federated share permissions can be increased by recipient	29	500
https://hackerone.com/reports/1116545	Uber	4 Subdomains Takeover on 2 domains ( muberscolombia.com &  ubereats.pl )	29	500
https://hackerone.com/reports/1112679	HackerOne	Dangling cloud instance at vpn.inverselink.com	29	500
https://hackerone.com/reports/323899	Uber	Outdated Wordpress installation and plugins at www.uberxgermany.com create CSRF and XSS vulnerabilities	29	500
https://hackerone.com/reports/746003	Slack	DoS on the Direct Messages	29	500
https://hackerone.com/reports/463828	HackerOne	Submitting report through Embedded Submission form gives user indefinite access to a profile	29	500
https://hackerone.com/reports/326080	Uber	Improper Access Control on Onelogin in multi-layered architecture	29	500
https://hackerone.com/reports/261966	VK.com	XSS в колбек апи в сообществах 	29	500
https://hackerone.com/reports/1507412	Cloudflare Public Bug Bounty	API docs expose an active token for the sample domain theburritobot.com	28	500
https://hackerone.com/reports/1491127	HackerOne	Private invitation links/tokens leak to third-party analytics site	28	500
https://hackerone.com/reports/246995	Eternal	[█████████] Hardcoded credentials in Android App	28	500
https://hackerone.com/reports/221955	Uber	duplicate hsts headers lead to firefox ignoring hsts on  business.uber.com	27	500
https://hackerone.com/reports/547683	Mail.ru	[web.icq.com] Stored XSS in "О Контакте"	27	500
https://hackerone.com/reports/385381	Chaturbate	Rate limit missing at room login	27	500
https://hackerone.com/reports/370629	VK.com	Доступ к администраторским faq 	27	500
https://hackerone.com/reports/1416612	TikTok	Clickjacking Vulnerability Can Leads To Delete Developer APP	26	500
https://hackerone.com/reports/802286	Shopify	user with no draft order permission can still perform action on draft order's in stocky app (idor)	26	500
https://hackerone.com/reports/848625	Shopify	None permission staff member can identify installed application and products attached to it	26	500
https://hackerone.com/reports/165727	Slack	Rate-limit bypass	26	500
https://hackerone.com/reports/369557	Mail.ru	Shell upload in partner service	25	500
https://hackerone.com/reports/351275	Gatecoin	DOM Based XSS charting_library	25	500
https://hackerone.com/reports/324194	Upserve 	Blind stored xss in demo form	25	500
https://hackerone.com/reports/220009	HackerOne	Lack of input sanitization in Marketo form leads to execution of HTML in lead emails	25	500
https://hackerone.com/reports/2290680	Nextcloud	Re-emergence of Security Vulnerability in Nextcloud Version 28 Previously Fixed in 25.0.4	24	500
https://hackerone.com/reports/1184379	Brave Software	XSS on Brave Today through custom RSS feed	24	500
https://hackerone.com/reports/1679124	Stripe	Unauthorized Canceling/Unsubscribe TaxJar account & Payment information DIsclosure	24	500
https://hackerone.com/reports/584582	VK.com	Просмотр закрытых фотографий	24	500
https://hackerone.com/reports/496128	Mail.ru	XSS via the lang parameter in a POST request on light.mail.ru	24	500
https://hackerone.com/reports/357952	Valve	Deleting other people's comments on ModeratorMessages	24	500
https://hackerone.com/reports/210190	HackerOne	Transitioning a Private Program to Public Does Not Clear Previously Private Updates to Hackers	24	500
https://hackerone.com/reports/1559739	TikTok	IDOR in report download functionality on ads.tiktok.com	23	500
https://hackerone.com/reports/412988	HackerOne	Hacker can request mediation for published reports	23	500
https://hackerone.com/reports/353310	HackerOne	People who interviewed for HackerOne security analyst position can be enumerated and their personal email address may be exposed	23	500
https://hackerone.com/reports/232432	Keybase	Universal Cross-Site Scripting in Keybase Chrome extension	23	500
https://hackerone.com/reports/1145563	HackerOne	Tab nabbing in Hackerone inbox.	22	500
https://hackerone.com/reports/528940	Shopify	STAFF member with NO Explicit permissions can view `ActivityFeed` via GraphQL	22	500
https://hackerone.com/reports/431633	Shopify	Order Creation Webhooks can be edited/deleted by STAFF with `Settings` only permission	22	500
https://hackerone.com/reports/246505	Rockstar Games	Reflected XSS via Double Encoding	22	500
https://hackerone.com/reports/174328	Slack	CSRF in github integration	22	500
https://hackerone.com/reports/165862	Harvest	Invoices can be added to any retainers - even closs-platform	22	500
https://hackerone.com/reports/126203	Uber	CBC "cut and paste" attack may cause Open Redirect(even XSS)	22	500
https://hackerone.com/reports/311913	VK.com	Reflected XSS в m.vk.com	21	500
https://hackerone.com/reports/790829	Razer	IDOR in eform.molpay.com leads to see other users application forms with private data	21	500
https://hackerone.com/reports/442843	HackerOne	Notifications sent due to "Transfer report" functionality may be sent to users who are no longer authorized to see the report	21	500
https://hackerone.com/reports/354660	Valve	Suspended users can bypass UGC upload ban	21	500
https://hackerone.com/reports/321594	VK.com	Смотрим фотографии из частных/закрытых групп.	21	500
https://hackerone.com/reports/190951	Shopify	XSS on manually entering Postal codes	21	500
https://hackerone.com/reports/110578	HackerOne	HTML injection can lead to data theft	21	500
https://hackerone.com/reports/1258448	Nextcloud	Missing brute force protection on OAuth2 API controller	20	500
https://hackerone.com/reports/763177	Phabricator	User can link non-public file attachments, leading to file disclose on edit by higher-privileged user	20	500
https://hackerone.com/reports/1370240	VK.com	Reflected xss в m.vk.com/chatjoin	20	500
https://hackerone.com/reports/1104077	Ruby	Round-trip instability in REXML	20	500
https://hackerone.com/reports/344566	Uber	Cleartext password exposure allows access to the desafio5estrelas.com admin panel	20	500
https://hackerone.com/reports/883867	Shopify	Inject page in admin panel via Shopify.API.pushState [New Payload]	20	500
https://hackerone.com/reports/706934	Ruby	Variant of CVE-2013-0269 (Denial of Service and Unsafe Object Creation Vulnerability in JSON)	20	500
https://hackerone.com/reports/534554	Shopify	Unpublished Product Images can be disclosed	20	500
https://hackerone.com/reports/366518	Mail.ru	слепая XSS в админ панели torg.mail.ru через отзыв	20	500
https://hackerone.com/reports/106427	Shopify	HTTP-Response-Splitting on v.shopify.com	20	500
https://hackerone.com/reports/2677187	Internet Bug Bounty	CVE-2024-41937: Apache Airflow: Stored XSS Vulnerability on provider link	70	497
https://hackerone.com/reports/2622671	Internet Bug Bounty	Unbounded memory growth with session handling in TLSv1.3	35	497
https://hackerone.com/reports/1551591	Internet Bug Bounty	CVE-2022-27776: Auth/cookie leak on redirect	23	480
https://hackerone.com/reports/1519099	Internet Bug Bounty	 Renderers can obtain access to random bluetooth device without permission	21	480
https://hackerone.com/reports/1916400	Flickr	High resource consumption by insufficient sanitization of forum threads pagination	72	479
https://hackerone.com/reports/1440290	Flickr	Critical broken cookie signing on dagobah.flickr.com 	30	479
https://hackerone.com/reports/859469	LY Corporation	Path traversal in ZIP extract routine on LINE Android	33	475
https://hackerone.com/reports/738015	Open-Xchange	SSRF - Office Documents - Image URL	37	450
https://hackerone.com/reports/429298	Chaturbate	Stored XSS in chat topic due to insecure emoticon parsing on any message type	33	450
https://hackerone.com/reports/216812	Nextcloud	Reflected XSS in error pages (NC-SA-2017-008)	28	450
https://hackerone.com/reports/763403	Valve	[GoldSrc] RCE via malformed BSP file	24	450
https://hackerone.com/reports/819930	X / xAI	Ability to bruteforce mopub account’s password due to lack of rate limitation protection using {ip rotation techniques}	55	420
https://hackerone.com/reports/2451113	Internet Bug Bounty	Proxy-Authorization header not cleared on cross-origin redirect in undici.request	54	420
https://hackerone.com/reports/1067967	TikTok	Blocked user can see live video	197	418
https://hackerone.com/reports/2390009	Internet Bug Bounty	Proxy-Authorization header is not cleared in cross-domain redirect in undici	30	405
https://hackerone.com/reports/2243710	Internet Bug Bounty	Cookie headers are not cleared in cross-domain redirect in undici-fetch	20	405
https://hackerone.com/reports/1530066	Algolia	Web Cache Deception vulnerability on algolia.com leads to personal information leakage	46	400
https://hackerone.com/reports/700624	Razer	Insecure Logging - OWASP (2016-M2)	45	400
https://hackerone.com/reports/1914115	Nextcloud	End-to-end encrypted file-drops can be made inaccessible	43	400
https://hackerone.com/reports/737163	Open-Xchange	SSRF - Image Sources in HTML Snippets - 727234 bypass	41	400
https://hackerone.com/reports/507525	Chaturbate	DoS attacks utilizing camo.stream.highwebmedia.com	41	400
https://hackerone.com/reports/1089995	Brave Software	Onion-Location header allows to open arbitrary URLs including chrome:	40	400
https://hackerone.com/reports/758401	Mail.ru	API method at api.my.games allows to enumerate user emails	39	400
https://hackerone.com/reports/737161	Open-Xchange	SSRF - URL Attachments - 725307 bypass	37	400
https://hackerone.com/reports/219215	Harvest	Client can redirect payment, causing payment discrepancy between Harvest and PayPal	34	400
https://hackerone.com/reports/179328	LocalTapiola	Open Redirect (verkkopalvelu.lahitapiola.fi)	28	400
https://hackerone.com/reports/532836	EXNESS	[com.exness.android.pa Android] Universal XSS in webview. Lead to steal user cookies	26	400
https://hackerone.com/reports/173811	Boozt Fashion AB	Git available containing passwords. 	24	400
https://hackerone.com/reports/893353	Mail.ru	Web cache information leakage at sbermarket.ru	22	400
https://hackerone.com/reports/159878	Snapchat	[render.bitstrips.com] Stored XSS via an incorrect avatar property value	21	400
https://hackerone.com/reports/723118	Razer	[IDOR] API endpoint leaking sensitive user information	172	375
https://hackerone.com/reports/748217	Razer	Cookie based XSS on http://ftp1.thx.com	31	375
https://hackerone.com/reports/754117	Razer	Insecure Processing of XML leads to Denial of Service through Billion Laughs Attack	21	375
https://hackerone.com/reports/1182864	Eternal	Subdomain takeover of fr1.vpn.zomans.com	96	350
https://hackerone.com/reports/2170559	Cloudflare Public Bug Bounty	Bypass R2 payment screen	57	350
https://hackerone.com/reports/3357036	Nextcloud	Mail stored HTML injection in subject text	46	350
https://hackerone.com/reports/414101	Shipt	Vulnerabilities in exported activity WebView	42	350
https://hackerone.com/reports/314126	Eternal	Blind XSS - Report review - Admin panel	41	350
https://hackerone.com/reports/505173	Valve	Malformed map detailed texture files in GoldSrc games lead to Remote Code Execution	30	350
https://hackerone.com/reports/769014	Valve	[GoldSrc] RCE via 'spk' Console Command	23	350
https://hackerone.com/reports/214571	Rockstar Games	Login form on non-HTTPS page	23	350
https://hackerone.com/reports/1204962	Open-Xchange	Command Injection via STARTTLS in SMTP	20	350
https://hackerone.com/reports/325040	LocalTapiola	xmlrpc.php FILE IS enable it will used for bruteforce attack and denial of service	26	315
https://hackerone.com/reports/348443	GitLab	Snippet JS template allows attacker to read a user's private snippets	165	300
https://hackerone.com/reports/411075	Vanilla	Abusing "Report as abuse" functionality to delete any user's post.	160	300
https://hackerone.com/reports/448849	Shipt	Slack token leaking in stackoverflow and devtimes 	113	300
https://hackerone.com/reports/2818147	Sorare	Unsufficent input verification leads to DoS and resource consumption	107	300
https://hackerone.com/reports/481360	Vanilla	Stored XSS in vanilla	89	300
https://hackerone.com/reports/496405	Vanilla	Stored XSS in vanilla	88	300
https://hackerone.com/reports/365011	Mail.ru	SQL injection on jd.mail.ru	87	300
https://hackerone.com/reports/2234736	SideFX	Session Doesn't expire after 2fa and also other session can change passsword 	85	300
https://hackerone.com/reports/1108504	CS Money	Html injection on subscription email	77	300
https://hackerone.com/reports/2264982	SideFX	Port 587 SMPT Open: Can send any mail remotely from the internal mail users to company mail id's.	70	300
https://hackerone.com/reports/1179232	CS Money	Able to blocking users with 2fa from login into their accounts by just knowing the SteamID	66	300
https://hackerone.com/reports/1066410	Clario	Google API key leaks and security misconfiguration leads Open Redirect Vulnerability	65	300
https://hackerone.com/reports/1021776	CS Money	Attacker can generate cancelled transctions in a user's transaction history using only Steam ID	65	300
https://hackerone.com/reports/895696	GSA Bounty	Blind SSRF on https://labs.data.gov/dashboard/Campaign/json_status/ Endpoint	61	300
https://hackerone.com/reports/3136790	Tools for Humanity	Unlock underage blocked app without support interaction using airplane mode	60	300
https://hackerone.com/reports/1444675	Omise	Host Header Injection leads to Open Redirect and Content Spoofing or Text Injection.	49	300
https://hackerone.com/reports/895972	GSA Bounty	Limited LFI	48	300
https://hackerone.com/reports/1817214	Sorare	Mystery with a leaked token and Reusability of email confirmation link leading to Account Takeover	47	300
https://hackerone.com/reports/433904	VK.com	Вставляем свой код в мобильном приложении в разделе помощи сообществам	44	300
https://hackerone.com/reports/998457	Enjin	Authentication token and CSRF token bypass	43	300
https://hackerone.com/reports/903424	Nextcloud	SSL certificate not validated when registering with a provider	43	300
https://hackerone.com/reports/1701642	LY Corporation	iOS group chat denial of service	42	300
https://hackerone.com/reports/1121990	Evernote	CSRF leads to account deactivation of users	42	300
https://hackerone.com/reports/272095	GSA Bounty	SSRF/XSPA in labs.data.gov/dashboard/validate	41	300
https://hackerone.com/reports/1034023	Bumble	Possible (we need to wait for some time) takeover of subdomain badootech.badoo.com which is pointing to Medium servers	40	300
https://hackerone.com/reports/683792	Vanilla	 XSS through chat messages	40	300
https://hackerone.com/reports/1021232	New Relic	Account takeover by using  abandoned email id of victim which has already been changed to new  by victim himself on one.newrelic.com	38	300
https://hackerone.com/reports/1523584	Eternal	Attacker shall recieve order updates on whatsapp for users who have activated whatsapp notification	36	300
https://hackerone.com/reports/384962	Vanilla	jsConnect Plugin: Takeover of existing account	35	300
https://hackerone.com/reports/661978	Phabricator	IDOR bug to See hidden slowvote of any user even when you dont have access right	34	300
https://hackerone.com/reports/317985	VK.com	Просмотр приватных видео записей у Пользователей	34	300
https://hackerone.com/reports/1189885	Vanilla	BlIND XSS on https://open.vanillaforums.com	33	300
https://hackerone.com/reports/398131	Mail.ru	Blind SQL injection [https://honor.hi-tech.mail.ru]	33	300
https://hackerone.com/reports/975983	CS Money	Site-wide CSRF on Safari due to CORS misconfiguration (not localhost)	32	300
https://hackerone.com/reports/674426	Vanilla	XSS For Profile Name	32	300
https://hackerone.com/reports/484615	Vanilla	Unsanitized user photo paths allow local file read	31	300
https://hackerone.com/reports/632017	Eternal	Self-Stored XSS - Chained with login/logout CSRF	31	300
https://hackerone.com/reports/991713	Brave Software	HTML injection in title of reader view	30	300
https://hackerone.com/reports/1513031	Flickr	Open redirect bypass	28	300
https://hackerone.com/reports/1112342	VK.com	Open Redirect и подмена ссылки в сниппете приложения VKMA	28	300
https://hackerone.com/reports/911880	Clario	No rate Limit on Licenses Activation 	28	300
https://hackerone.com/reports/850114	Phabricator	SSRF in notifications.server configuration	28	300
https://hackerone.com/reports/413828	Vanilla	Persistent XSS via Signatures	28	300
https://hackerone.com/reports/1025125	VK.com	XSS in vk.link	27	300
https://hackerone.com/reports/797717	Mail.ru	Reflected XSS at city-mobil.ru	27	300
https://hackerone.com/reports/952983	Mail.ru	Stored XSS in history on [corporate.city-mobil.ru]	25	300
https://hackerone.com/reports/367966	Vanilla	FileUpload Plugin: CSRF (delete all attached files)	24	300
https://hackerone.com/reports/410212	Vanilla	Vanilla Forums Xenforo password splitHash Unserialize Remote Code Execution Vulnerability	24	300
https://hackerone.com/reports/389783	Shipt	Subdomain takeover at segway.shipt.com	23	300
https://hackerone.com/reports/2067247	Sorare	Operation CreateOrUpdateSo5LineupMutation does not restrict multiple captains	22	300
https://hackerone.com/reports/1027918	BugPoC	XSS Challenge	21	300
https://hackerone.com/reports/615840	GSA Bounty	Blind Stored XSS In  "Report a Problem" on www.data.gov/issue/	21	300
https://hackerone.com/reports/774	Phabricator	Log in a user to another account	21	300
https://hackerone.com/reports/315524	VK.com	Общий CSRF токен для сообщений сообществ, или как подставить соседа-редактора	20	300
https://hackerone.com/reports/199321	Open-Xchange	IDOR - Deleting other user's signature via /appsuite/api/snippet?action=update (although an error is thrown)	20	300
https://hackerone.com/reports/544329	X / xAI	IDOR and statistics leakage in Orders 	140	289
https://hackerone.com/reports/2051085	inDrive	Stored XSS on promo.indrive.com	45	284
https://hackerone.com/reports/218465	X / xAI	[staging-engineering.gnip.com] Publicly accessible GIT directory	33	280
https://hackerone.com/reports/187714	X / xAI	Vine - overwrite account associated with email via android application	27	280
https://hackerone.com/reports/283460	X / xAI	Open Redirect Protection Bypass	24	280
https://hackerone.com/reports/674774	X / xAI	AppLovin API Key hardcoded in a Github repo	20	280
https://hackerone.com/reports/394016	Discourse	Web Cache Deception Attack (XSS)	49	256
https://hackerone.com/reports/307485	Showmax	Stored blind xss on showmax support team	21	256
https://hackerone.com/reports/481472	Slack	URL link spoofing	360	250
https://hackerone.com/reports/808862	Visma Public	Unrestricted file upload leads to Stored XSS	268	250
https://hackerone.com/reports/808821	Visma Public	Arbitrary File Upload to Stored XSS	245	250
https://hackerone.com/reports/2299529	TikTok	HTML Injection on TikTok Ads	152	250
https://hackerone.com/reports/788732	Visma Public	Stored XSS in 'Notes'	130	250
https://hackerone.com/reports/808672	Visma Public	Stored XSS when uploading files to an invoice	128	250
https://hackerone.com/reports/805943	Visma Public	A non-administrator user can change his email even when it is restricted by an administrator	124	250
https://hackerone.com/reports/1224089	Acronis	IP restriction bypass via X-Forwarded-For header	120	250
https://hackerone.com/reports/2012659	Basecamp	Spam & Clearance checks disabled with existing referenced Message-ID	117	250
https://hackerone.com/reports/923020	Acronis	SQL injection on admin.acronis.host development web service	117	250
https://hackerone.com/reports/944518	Pornhub	XSS via JavaScript evaluation of an attacker controlled resource at www.pornhub.com	109	250
https://hackerone.com/reports/826463	Razer	HTML injection in support.razer.com [IE only]	109	250
https://hackerone.com/reports/2627062	Acronis	Rate limit bypass on passport.acronis.work using X-Forwarded-For request header	103	250
https://hackerone.com/reports/702981	Razer	DOM XSS at https://www.thx.com in IE/Edge browser	102	250
https://hackerone.com/reports/1940443	Snapchat	internal dev tokens disclosure	93	250
https://hackerone.com/reports/2956266	XVIDEOS	Stored XSS via SMTP Error Message	84	250
https://hackerone.com/reports/1387366	Kubernetes	elections.k8s.io uses weak session secret key, may place elections at risk	83	250
https://hackerone.com/reports/380760	Rockstar Games	Open redirect vulnerability	83	250
https://hackerone.com/reports/380246	Pornhub	Reflect XSS on Mobile Search page 	79	250
https://hackerone.com/reports/1213580	Affirm	Open Redirect	73	250
https://hackerone.com/reports/974892	Helium	Race Condition of Transfer data Credits to Organization Leads to Add Extra free Data Credits to the Organization	70	250
https://hackerone.com/reports/1986731	Newegg	Endpoint disclosing user password	64	250
https://hackerone.com/reports/2256548	Mozilla	Exposure of account recovery hint by querying by user email	63	250
https://hackerone.com/reports/668422	ForeScout Technologies	HTML Injection &amp; Content Spoofing	63	250
https://hackerone.com/reports/500436	Superhuman (formerly Grammarly)	DOM based CSS Injection on grammarly.com	63	250
https://hackerone.com/reports/2801036	Doppler	Availability Impact from Exploiting Project Name Vulnerabilities	61	250
https://hackerone.com/reports/746000	Kubernetes	Subdomain Takeover Via via Dangling NS records on Amazon Route 53 http://api.e2e-kops-aws-canary.test-cncf-aws.canary.k8s.io	61	250
https://hackerone.com/reports/2257374	X / xAI	Bypassing x profile verification to receive instant blue checkmark and unlimited profile changes	57	250
https://hackerone.com/reports/788397	Visma Public	Unrestricted file upload when creating quotes allows for Stored XSS	57	250
https://hackerone.com/reports/772116	Razer	Reflected XSS at http://promotion.molthailand.com/index.php via promotion_id parameter	55	250
https://hackerone.com/reports/1278072	Rockstar Games	Brute Force against VMware Horizon	53	250
https://hackerone.com/reports/882189	Visma Public	SXSS using unsanitized `customer no` in eaccountingprinting.stage.vismaonline.com	53	250
https://hackerone.com/reports/312121	Mail.ru	Error in processing gif images	52	250
https://hackerone.com/reports/921675	GlassWire	Uncontrolled Search Path Element allows DLL hijacking for priv esc to SYSTEM	50	250
https://hackerone.com/reports/400	HackerOne	GIF flooding	50	250
https://hackerone.com/reports/788375	Visma Public	A user can view the name and number of a customer in another company if the GUID is known	49	250
https://hackerone.com/reports/1288898	Basecamp	Password reset link not expiring after changing password in settings	48	250
https://hackerone.com/reports/2380133	Nextcloud	Can download files on Android app without permission	46	250
https://hackerone.com/reports/816848	Visma Public	SSRF in the application's image export functionality	42	250
https://hackerone.com/reports/265258	Eternal	IDOR to cancel any table booking and leak sensitive information such as email,mobile number,uuid	38	250
https://hackerone.com/reports/2307625	Nextcloud	Code injection in Nextcloud Desktop Client for macOS	37	250
https://hackerone.com/reports/1577370	TikTok	Unrestricted File Upload Blind Stored Xss  in subdomain ads.tiktok.com	36	250
https://hackerone.com/reports/976441	New Relic	removed user can still join the organization	36	250
https://hackerone.com/reports/3400143	Nextcloud	Credential Disclosure via Unvalidated directDownloadUrl (Missing DontAddCredentialsAttribute)	34	250
https://hackerone.com/reports/2484499	Nextcloud	Incomplete sanitization in SVG preview provider	34	250
https://hackerone.com/reports/1002188	Node.js	Potential HTTP Request Smuggling in nodejs	34	250
https://hackerone.com/reports/1702864	Nextcloud	SSRF via filter bypass due to lax checking on IPs	33	250
https://hackerone.com/reports/1664974	Cloudflare Public Bug Bounty	Bypass two-factor authentication	32	250
https://hackerone.com/reports/1505189	Kraden	Business Logic Flaw in the subscription of the app	31	250
https://hackerone.com/reports/1608039	Nextcloud	SSRF via potential filter bypass with too lax local domain checking	30	250
https://hackerone.com/reports/1878255	Nextcloud	Nextcloud mail does not respect download permissions in shares	29	250
https://hackerone.com/reports/1019389	Basecamp	Lack of quarantine macOS attribute(com.apple.quarantine) leads multiple issues including RCE	29	250
https://hackerone.com/reports/195045	Open-Xchange	Set Cookie Via SVG	29	250
https://hackerone.com/reports/980500	Acronis	Local Privilege Escalation and Code Execution when restoring files from Quarantine	28	250
https://hackerone.com/reports/138319	Pornhub	[xss, pornhub.com] /, multiple parameters	28	250
https://hackerone.com/reports/316810	HackerOne	Can read features from any user	28	250
https://hackerone.com/reports/1461194	Slack	Email html Injection	27	250
https://hackerone.com/reports/1278261	Rockstar Games	Uninstalling Rockstar Games Launcher for Windows (64-bit), then reinstalling keeps you logged in without authentication	27	250
https://hackerone.com/reports/710319	Razer	[razer-assets2] Listing of Amazon S3 Bucket accessible to any AWS cli  	27	250
https://hackerone.com/reports/318399	HackerOne	Program profile_metrics.json contains time to triage for deptofdefense even it's turned off	27	250
https://hackerone.com/reports/1485500	Kubernetes	File Read Vulnerability allows Attackers to Compromise S3 buckets using Prow	26	250
https://hackerone.com/reports/1672614	Stripe	[Broken Access Control ] Unauthorized Linking accounts & Linked Accounts info DIsclosure	26	250
https://hackerone.com/reports/923022	Acronis	Administrative access to development deployment of web service due to auto-filled credentials	26	250
https://hackerone.com/reports/413426	Chaturbate	Open redirect on chaturbate.com (tipping/purchase_success)	26	250
https://hackerone.com/reports/2457588	Nextcloud	Event create can create attachments that link to other websites 	25	250
https://hackerone.com/reports/1398285	Judge.me 	Stored XSS in Public Profile Reviews	25	250
https://hackerone.com/reports/1071832	Acronis	Local privilege escalation via insecure MSI file	25	250
https://hackerone.com/reports/950180	New Relic	HTML injection at Alert email	25	250
https://hackerone.com/reports/114698	Keybase	Remote Server Restart Lead to Denial of Service by only one Request.	25	250
https://hackerone.com/reports/1075449	Acronis	Local Privilege Escalation when updating Acronis True Image	24	250
https://hackerone.com/reports/1566017	Judge.me 	Race condition on https://judge.me/people	24	250
https://hackerone.com/reports/808997	Visma Public	[IDOR]Ability to View/Delete/Edit (Forward to attachment archive) Email of other user if GUID is known.	24	250
https://hackerone.com/reports/1724464	Cloudflare Public Bug Bounty	cd=false (DNSSEC) not respected in DNS over HTTPS JSON requests	23	250
https://hackerone.com/reports/304386	Grab	Unrestricted access to https://██████.█████myteksi.net/	23	250
https://hackerone.com/reports/246803	Snapchat	[spectacles.com] Bypassing quantity limit in orders	22	250
https://hackerone.com/reports/274443	Grab	stored xss in comments : driver exam 	21	250
https://hackerone.com/reports/1161401	Nextcloud	Notification implicit PendingIntent in com.nextcloud.client allows to access contacts	20	250
https://hackerone.com/reports/1085336	Snapchat	CSRF when unlocking lenses leads to lenses being forcefully installed without user interaction	20	250
https://hackerone.com/reports/672623	Nextcloud	Username and Access Token Disclousure	20	250
https://hackerone.com/reports/2590608	Internet Bug Bounty	fs.fchown/fchmod bypasses permission model	33	249
https://hackerone.com/reports/3543475	Basecamp	Improper Access Control in `fizzy.do` import flow allows cross-tenant ActionText reference resolution and data disclosure	39	218
https://hackerone.com/reports/960851	Dropbox	User has Sender permission can Get Team  information 	34	216
https://hackerone.com/reports/783622	Dropbox	Coupon codes indexed by Google	22	216
https://hackerone.com/reports/699030	Razer	Admin Management - Login Using Default Password - Leads to Image Upload Backdoor/Shell	199	200
https://hackerone.com/reports/2915502	XVIDEOS	Lack of Rate Limiting on Account Creation Endpoint  	109	200
https://hackerone.com/reports/1046630	Logitech	One Click Account takeover using Ouath CSRF bypass by adding Null byte %00 in state parameter on  www.streamlabs.com	97	200
https://hackerone.com/reports/3556892	PortSwigger Web Security	HTML Injection in DAST Trial Request Form Confirmation Email – PortSwigger	86	200
https://hackerone.com/reports/3243860	Mozilla	Microsoft `x-apikey` Exposed in Mozilla CI Public Logs	84	200
https://hackerone.com/reports/2337938	Sheer	Cleartext Transmission of password via Email	82	200
https://hackerone.com/reports/2733994	PortSwigger Web Security	cgi scripts wordlist entry for windmail.exe has payload that sends arbitrary file read result to third-party	81	200
https://hackerone.com/reports/864712	Eternal	Page has a link to google drive which has logos and a few customer phone recordings	72	200
https://hackerone.com/reports/1121169	Showmax	bypass parental pin succesfully	72	200
https://hackerone.com/reports/701901	Razer	2FA doesn't work in "https://insider.razer.com"	72	200
https://hackerone.com/reports/1364851	Traffic Factory	WordPress Plugin Update Confusion at trafficfactory.com	70	200
https://hackerone.com/reports/2119892	pixiv	clickjacing can lead to account takeover	65	200
https://hackerone.com/reports/1392935	Omise	XSS via X-Forwarded-Host header	65	200
https://hackerone.com/reports/906907	IRCCloud	IDOR with Geolocation data not stripped from images	61	200
https://hackerone.com/reports/2147132	Mozilla	Security bug https://bugzilla.mozilla.org/oauth/authorize - CRLF Header injection via "redirect_uri" parameter	59	200
https://hackerone.com/reports/1898305	Acronis	DOM Based Cookie Bomb in *.acronis.com via x-clickref GET Parameter	52	200
https://hackerone.com/reports/1178239	Logitech	session takeover via open protocol redirection on streamlabs.com	48	200
https://hackerone.com/reports/1073925	Mail.ru	Stored XSS on store.my.games	47	200
https://hackerone.com/reports/1848118	Acronis	Render content from untrusted sources via web_preview endpoint on Acronis Cloud	46	200
https://hackerone.com/reports/541862	pixiv	Open redirect protection (https://www.pixiv.net/jump.php) is broken for novels	42	200
https://hackerone.com/reports/1108418	Logitech	SSRF allows reading AWS EC2 metadata using "readapi" variable in Streamlabs Cloudbot	41	200
https://hackerone.com/reports/997615	TikTok	CSRF To Add New App In Developer Account And Bypassing Json Format	38	200
https://hackerone.com/reports/182670	Boozt Fashion AB	Email link poisoning / Host header attack	38	200
https://hackerone.com/reports/1716069	Omise	The endpoint '/test/webhooks' is vulnerable to DNS Rebinding	36	200
https://hackerone.com/reports/449482	Ruby	Command injection in Pathname	36	200
https://hackerone.com/reports/1072893	Logitech	Sensitive information disclosure to shared access user via streamlabs platform api	35	200
https://hackerone.com/reports/104543	Coinbase	HTML injection in apps user review 	31	200
https://hackerone.com/reports/729064	VK.com	Отправка подарков/стикерпаков не теряя голоса.	30	200
https://hackerone.com/reports/175958	Brave Software	[iOS/Android] Address Bar Spoofing Vulnerability 	30	200
https://hackerone.com/reports/1102537	TikTok	Subdomain Takeover via Unclaimed Amazon S3 Bucket (Musical.ly)	29	200
https://hackerone.com/reports/972601	pixiv	Open Redirect at https://oauth.secure.pixiv.net	29	200
https://hackerone.com/reports/411679	Chaturbate	View Failed Approval and Pending videos other users	28	200
https://hackerone.com/reports/979333	Shipt	Api Token Leaked in [shoppers.shipt.com]	27	200
https://hackerone.com/reports/475098	GitLab	A profile page of a user can be denied from loading by appending .html to the username	26	200
https://hackerone.com/reports/970760	CS Money	Pixel Flood Attack leads to Application level DoS	26	200
https://hackerone.com/reports/758280	Razer	Expired reCAPTCHA site key leads to Rate Limit Bypass and Email Enumeration	26	200
https://hackerone.com/reports/460428	New Relic	The impossibility of inclusion of the trial (BROWSER)	26	200
https://hackerone.com/reports/300454	Eternal	[www.zomato.com] Privilege Escalation - /php/restaurant_menus_handler.php	26	200
https://hackerone.com/reports/176979	Coinbase	Authentication Issue	26	200
https://hackerone.com/reports/716677	GitLab	Domain Takeover - gl-canary.freetls.fastly.net	25	200
https://hackerone.com/reports/452835	VK.com	Уязвимый класс WebView	24	200
https://hackerone.com/reports/257305	Boozt Fashion AB	[www.boozt.com] - Authentication bypass	23	200
https://hackerone.com/reports/255991	Brave Software	URL Spoof / Brave Shield Bypass	21	200
https://hackerone.com/reports/902336	Mail.ru	Data URI Stored XSS on Donations Page	20	200
https://hackerone.com/reports/1199965	TikTok	Bypassing authorization of linked Instagram account	30	170
https://hackerone.com/reports/519367	Midpoint (European Commission - DIGIT)	Attacker can read password from log data	35	169
https://hackerone.com/reports/3357808	Nextcloud	Stored XSS Vulnerability via SVG File	79	150
https://hackerone.com/reports/299835	GSA Bounty	Link poisoning on https://secure.login.gov/ login page	60	150
https://hackerone.com/reports/593712	Vanilla	Web cache deception attack on https://open.vanillaforums.com/messages/all	47	150
https://hackerone.com/reports/2312320	Enjin	Weak Email Verification: Newly Registered Users Can Bypass Email Verification Step and Log In	44	150
https://hackerone.com/reports/176065	Brave Software	[Android] HTML Injection in BatterySaveArticleRenderer WebView	43	150
https://hackerone.com/reports/3062299	Hiro	Logout Bypass Vulnerability in Hiro.so	42	150
https://hackerone.com/reports/327200	Vanilla	disclosure of email by sending a message.	42	150
https://hackerone.com/reports/514224	GSA Bounty	SSRF in Search.gov via ?url= parameter	42	150
https://hackerone.com/reports/996141	Figma	Race condition while removing the love react in community files.	41	150
https://hackerone.com/reports/2541027	Mattermost	Posts sent via websockets aren't sanitized properly	40	150
https://hackerone.com/reports/1541301	PortSwigger Web Security	Redirection in Repeater & Intruder Tab	36	150
https://hackerone.com/reports/291764	Nextcloud	SQL Injection found in NextCloud Android App Content Provider	36	150
https://hackerone.com/reports/1355537	XVIDEOS	Script breaking tag (Forces website to render blank) (Informative)	35	150
https://hackerone.com/reports/1028820	Acronis	Blind Stored XSS in https://partners.acronis.com/admin which lead to sensitive information/PII leakage	33	150
https://hackerone.com/reports/446330	Mail.ru	[o2.mail.ru] nginx alias traversal	31	150
https://hackerone.com/reports/737772	Mail.ru	[https://seosan.io] Account owner disclosure	30	150
https://hackerone.com/reports/346825	Mail.ru	LFI in beta.mail.ru	28	150
https://hackerone.com/reports/892986	Mail.ru	Blindy Replace User's Session with Attacker's Session	27	150
https://hackerone.com/reports/736800	Mail.ru	IP address can be leaked on Image preview in ICQ for Android chat	27	150
https://hackerone.com/reports/743345	Eternal	HTML injection leads to reflected XSS	26	150
https://hackerone.com/reports/727	HackerOne	Switching the user to the attacker's account	26	150
https://hackerone.com/reports/478530	Pornhub	XSS reflected on [https://www.youporn.com]	25	150
https://hackerone.com/reports/387007	GSA Bounty	[idp.fr.cloud.gov] Open Redirect	25	150
https://hackerone.com/reports/724039	Ping Identity	Google Maps API key leaked during device pairing	24	150
https://hackerone.com/reports/363042	Mail.ru	Stored XSS in api.icq.net	24	150
https://hackerone.com/reports/1398270	Evernote	[34.96.80.155] Server Logs Disclosure lead to Information Leakage	23	150
https://hackerone.com/reports/662204	Nextcloud	Persistent XSS via filename in projects	23	150
https://hackerone.com/reports/749677	Mail.ru	Mirror of https://city-mobil.ru admin interface	22	150
https://hackerone.com/reports/1394984	Evernote	Email Verification Bypass by bruteforcing when setting up 2FA	21	150
https://hackerone.com/reports/216533	Mail.ru	ssrf xspa [https://prt.mail.ru/] 2	21	150
https://hackerone.com/reports/548094	Ping Identity	Internal Hostname disclosure from multiple Apache servers via blank host header method	21	150
https://hackerone.com/reports/3040887	Nextcloud	Users can modify tags on files that do not belong to them	20	150
https://hackerone.com/reports/1578574	Acronis	unauth mosquitto ( client emails, ips, license keys exposure )	20	150
https://hackerone.com/reports/1278254	Node.js	Built-in TLS module unexpectedly treats "rejectUnauthorized: undefined" as "rejectUnauthorized: false", disabling all certificate validation	20	150
https://hackerone.com/reports/847876	Mail.ru	IDOR in tracking driver logs at city-mobil.ru	20	150
https://hackerone.com/reports/1006306	TikTok	User In The Same Center Can Create CSRF To Change The Information About Business	23	147
https://hackerone.com/reports/278191	X / xAI	Listing of Amazon S3 Bucket accessible to any amazon authenticated user (metrics.pscp.tv)	36	140
https://hackerone.com/reports/177624	Bumble	Unvalidated redirect on team.badoo.com	25	140
https://hackerone.com/reports/305082	Showmax	Query string parameter modifications returned in page	21	128
https://hackerone.com/reports/957874	New Relic	Adding your account to victim's app via deeplink	29	100
https://hackerone.com/reports/2038943	Acronis	[oem.acronis.com] Reflected Cross Site Scripting 	132	100
https://hackerone.com/reports/2958097	Brave Software	Null Pointer Dereference by Crafted Response from AI Model	115	100
https://hackerone.com/reports/810880	Helium	Account takeover w/o interaction for a user that doesn't have 2fa enabled via 2fa linking and improper auth at /api/2fa/verify	89	100
https://hackerone.com/reports/504600	Augur	Open s3 bucket allows for public upload	73	100
https://hackerone.com/reports/504751	Omise	Open Redirect	71	100
https://hackerone.com/reports/1891926	Acronis	Reflected XSS in https://www.acronis.com/products/cyber-protect/trial/	70	100
https://hackerone.com/reports/2269989	CS Money	Authentication Bypass to (CVE-2023-2982)	70	100
https://hackerone.com/reports/1256389	Acronis	Subdomain takeover of main domain of https://www.cyberlynx.lu/	70	100
https://hackerone.com/reports/996899	BugPoC	LFI to steal  /etc/passwd - Bypass filter in the <meta property="og:image"> tag via redirect and much more	69	100
https://hackerone.com/reports/1392287	XVIDEOS	No-Rate limit of current password on delete account endpoint(https://www.xvideos.com/account/close)	67	100
https://hackerone.com/reports/3467641	Basecamp	Unauthenticated access to private files on app.fizzy.do via Active Storage URLs leads to information disclosure	61	100
https://hackerone.com/reports/622170	Nextcloud	Arbitrary code execution in desktop client via OpenSSL config	59	100
https://hackerone.com/reports/2388183	Nextcloud	Easy way to create a new Deck board without permission 	56	100
https://hackerone.com/reports/638401	Tron Foundation	Private Key exposed in Travis Log can Compromise all the test servers.	54	100
https://hackerone.com/reports/819278	Greenhouse.io	Open S3 Bucket Accessible by any Aws User	53	100
https://hackerone.com/reports/2215434	HackerOne	Hacker email disclosed on submission at hackerone hactivity	52	100
https://hackerone.com/reports/1536299	SMTP2GO BBP	Origin IP found, WAF Cloudflare Bypass	52	100
https://hackerone.com/reports/1176794	FetLife	Specific Payload makes a Users Posts unavailable	50	100
https://hackerone.com/reports/415272	Slack	Linux Desktop application slack executable does not use pie / no ASLR	47	100
https://hackerone.com/reports/2331473	8x8	Open Redirect via Non-Latin Subdomain in vcc-*.8x8.com/AGUI/█.php	46	100
https://hackerone.com/reports/1182465	Acronis	IDOR on www.acronis.com API lead to steal private business user information	46	100
https://hackerone.com/reports/2501378	Brave Software	Brave Android: Incorrect URL Eliding in Brave Shields Pop Up	45	100
https://hackerone.com/reports/2479325	Nextcloud	Events information leaked with shared calendars on recurrence exceptions	45	100
https://hackerone.com/reports/1121972	Acronis	admin password disclosure via log file 	45	100
https://hackerone.com/reports/3665151	Brave Software	Brave Shields Domain Reordering Leads to Origin Confusion	44	100
https://hackerone.com/reports/1784162	Nextcloud	OAuth2 "authorization_code" is valid indefinetly	44	100
https://hackerone.com/reports/1245051	Basecamp	Error Page Content Spoofing or Text Injection 	44	100
https://hackerone.com/reports/253076	Tor	XSS on about:tbupdate	43	100
https://hackerone.com/reports/1026196	Basecamp	Information Disclosure of Garbage Collection Cycle 'Again' 	41	100
https://hackerone.com/reports/149154	Algolia	Stored xss 	41	100
https://hackerone.com/reports/487	HackerOne	DNS Cache Poisoning	41	100
https://hackerone.com/reports/588562	Nextcloud	Memory Leak in OCUtil.dll library in Desktop client can lead to DoS	40	100
https://hackerone.com/reports/1044933	Mail.ru	CSRF on api.my.games due to improper validation of token allows an attacker to delete other users notifications	38	100
https://hackerone.com/reports/1046697	Omise	████.	38	100
https://hackerone.com/reports/835005	Helium	Organization Takeover via invitation API	38	100
https://hackerone.com/reports/3008878	LY Corporation	Stored XSS via SVG Upload in chat.line.biz	37	100
https://hackerone.com/reports/1538669	Omise	IDOR Payments Status	37	100
https://hackerone.com/reports/957229	Acronis	Self XSS on Acronis Cyber Cloud	37	100
https://hackerone.com/reports/1466765	Kubernetes	monitoring.prow-canary.k8s.io is vulnerable to CVE-2022-21703 (Grafana 0-day)	36	100
https://hackerone.com/reports/144000	Instacart	Authorization Bypass in Delivery Chat Logs	35	100
https://hackerone.com/reports/2508422	Nextcloud	Mail auto configurator can be tricked into sending account information to wrong servers 	34	100
https://hackerone.com/reports/1880607	LY Corporation	Reflected XSS on https://travel.line.me	34	100
https://hackerone.com/reports/978680	Logitech	GET based Open redirect on [streamlabs.com/content-hub/streamlabs-obs/search?query=]	34	100
https://hackerone.com/reports/388564	Shipt	Price manipulation via fraction values (Parameter Tampering)	34	100
https://hackerone.com/reports/833758	LY Corporation	Blind SSRF in social-plugins.line.me	33	100
https://hackerone.com/reports/1727044	Liberapay	Email Address Exposure via Gratipay Migration Tool	32	100
https://hackerone.com/reports/1606957	Reddit	Unrestricted File Upload on reddit.secure.force.com	32	100
https://hackerone.com/reports/500348	Slack	URL filter bypass in Enterprise Grid	32	100
https://hackerone.com/reports/1994324	Nextcloud	OAuth2 client_secret stored in plain text in the database	31	100
https://hackerone.com/reports/2120667	Nextcloud	 Bypass password confirmation via Context-dependent access control (CDCA)	30	100
https://hackerone.com/reports/2245437	Nextcloud	App PIN code can be bypassed in Files iOS	30	100
https://hackerone.com/reports/1456063	Basecamp	RCE via exposed JMX server on jabber.37signals.com/jabber.basecamp.com	30	100
https://hackerone.com/reports/329345	VK.com	CSRF на загрузку аудиозаписей	30	100
https://hackerone.com/reports/2107934	Nextcloud	Admins can change authentication details of user configured external storage	29	100
https://hackerone.com/reports/437800	FanDuel	Passive mixed content issues on the site https://*.fanduel.com	29	100
https://hackerone.com/reports/1562020	TikTok	TikTok Account Creation Date Information Disclosure 	28	100
https://hackerone.com/reports/575562	Nextcloud	Blind Stored XSS on iOS App due to Unsanitized Webview	28	100
https://hackerone.com/reports/386112	Vanilla	[allhiphop.vanillacommunities.com] XSS Request-URI	28	100
https://hackerone.com/reports/1675014	Nextcloud	Profile of disabled user stays accessible	27	100
https://hackerone.com/reports/1697599	TikTok	Remotely Accessible Container Advisor exposed performance metrics and resource usage	27	100
https://hackerone.com/reports/195350	Slack	Subdomain takeover on podcasts.slack-core.com	27	100
https://hackerone.com/reports/1546726	Omise	Anonymous access control - Payments Status	26	100
https://hackerone.com/reports/819863	Nextcloud	XSS in PDF Viewer	26	100
https://hackerone.com/reports/3385434	Nextcloud	Predictable proposal participant tokens enable unauthorized access and vote submission	25	100
https://hackerone.com/reports/1639919	LY Corporation	Stored XSS Via Filename On https://partners.line.me/	25	100
https://hackerone.com/reports/1215251	Nextcloud	Bypass of privacy filter / tracking pixel blocker	24	100
https://hackerone.com/reports/808287	Nextcloud	Unrestricted file upload on the image of contacts	24	100
https://hackerone.com/reports/737	HackerOne	Improper session management	24	100
https://hackerone.com/reports/738	HackerOne	Information disclosure (reset password token) and changing the user's password	24	100
https://hackerone.com/reports/418823	Eternal	Reflected XSS on developers.zomato.com	23	100
https://hackerone.com/reports/311467	WePay	Reflected XSS in the IE 11 / Edge (latest versions) on the stage-go.wepay.com	23	100
https://hackerone.com/reports/1888351	Expedia Group Bug Bounty	https://www.wotif.com/vc/blog/info.php script is prone to reflected HTML/CSS injection and COOKIE leak	22	100
https://hackerone.com/reports/1181962	Nextcloud	Session fixation on public talk links	22	100
https://hackerone.com/reports/894876	Nextcloud	XSS through image upload of contacts using svg file	22	100
https://hackerone.com/reports/246801	Coinbase	Captcha Bypass in Coinbase SignUp Form	22	100
https://hackerone.com/reports/353	HackerOne	Session not expired on logout	22	100
https://hackerone.com/reports/809357	Visma Public	Administration page visible without authentication	21	100
https://hackerone.com/reports/251572	Eternal	Length extension attack leading to HTML injection	21	100
https://hackerone.com/reports/1531183	Kraden	Found Origin IP's Lead To Access To kraden.com	20	100
https://hackerone.com/reports/1039504	Internet Bug Bounty	Some build dependencies are downloaded over an insecure channel (without subsequent integrity checks)	20	100
https://hackerone.com/reports/840598	Nextcloud	Possible denial of service when entering a loooong password	20	100
https://hackerone.com/reports/344145	Eternal	[www.zomato.com] IDOR - Gold Subscription Details, Able to view "Membership ID" and "Validity Details" of other Users	20	100
https://hackerone.com/reports/164833	Algolia	Hyperlink Injection in Friend Invitation Emails	20	100
https://hackerone.com/reports/405342	BOHEMIA INTERACTIVE a.s.	Clickjacking at ylands.com	22	80
https://hackerone.com/reports/1022655	TikTok	HTML Injection on Company Name on Email	38	79
https://hackerone.com/reports/228377	Discourse	SSRF in upload IMG through URL	32	64
https://hackerone.com/reports/1321407	Localize	Stored XSS in Document Title	124	50
https://hackerone.com/reports/3185205	MainWP	Reflected XSS in "Cost Tracker" Notes Field	89	50
https://hackerone.com/reports/2278865	HackerOne	Some limited confidential information can still be accessed after a user exits a private program	82	50
https://hackerone.com/reports/1963213	Omise	Subdomain takeover http://accessday.opn.ooo/	74	50
https://hackerone.com/reports/3181803	MainWP	Reflected XSS in "Manage Tags" Notes Field	71	50
https://hackerone.com/reports/3181802	MainWP	Reflected XSS in "Client Notes" Field	65	50
https://hackerone.com/reports/3179138	MainWP	Reflected XSS in "Create Category" Functionality of Post Creation Module	63	50
https://hackerone.com/reports/3176981	MainWP	Stored Cross-Site Scripting (XSS) in "Add Contact" Name Field – MainWP Plugin	56	50
https://hackerone.com/reports/1212760	Showmax	xmlrpc.php is publicly available at https://stories.showmax.com/xmlrpc.php	52	50
https://hackerone.com/reports/1084183	Acronis	Stored XSS in profile page	45	50
https://hackerone.com/reports/997514	TikTok	Bypass "Industry Documents" Validation	43	50
https://hackerone.com/reports/1427589	Judge.me 	Log4j RCE on https://judge.me/reviews	40	50
https://hackerone.com/reports/970878	Acronis	Reflected XSS via "Error" parameter on https://admin.acronis.com/admin/su/	39	50
https://hackerone.com/reports/997127	TikTok	Lack of session expiration after password reset on TikTok Careers Portal	38	50
https://hackerone.com/reports/1079630	Acronis	licenses key disclosure	35	50
https://hackerone.com/reports/486693	Nextcloud	2FA Session not expires after the password reset	35	50
https://hackerone.com/reports/356047	LocalTapiola	Wordpress Users Disclosure (/wp-json/wp/v2/users/)	32	50
https://hackerone.com/reports/961226	Acronis	XSS in (Support Requests) : User Cases	30	50
https://hackerone.com/reports/1084156	Acronis	Cross Site Scripting (Reflected) on https://www.acronis.cz/	27	50
https://hackerone.com/reports/1078373	Acronis	Credentials leaked via Github	26	50
https://hackerone.com/reports/843421	Helium	Hyperlink Injection on Email Invitation	25	50
https://hackerone.com/reports/1168962	Acronis	Reflected XSS on my.acronis.com	24	50
https://hackerone.com/reports/245969	Eternal	Use any User to Follow you (Increase Followers) [IDOR]	24	50
https://hackerone.com/reports/991751	Showmax	xml-rpc file open for public in the domain:https://stories.showmax.com/xmlrpc.php	23	50
https://hackerone.com/reports/1081747	Acronis	Cross Site Scripting (Reflected) on https://www.acronis.cz/dotaznik/roadshow-2020/	22	50
https://hackerone.com/reports/428660	Nextcloud	Gallery: No feedback for invalid password	22	50
https://hackerone.com/reports/1147449	Sifchain	xmlrpc.php And /wp-json/wp/v2/users FILE IS enable it will used for bruteforce attack and denial of service	21	50
https://hackerone.com/reports/890793	Open-Xchange	Panic: Input stream data unexpectedly has references	21	50
https://hackerone.com/reports/158016	Instacart	Server side request forgery on image upload for lists	21	50
https://hackerone.com/reports/1011073	OPPO	Information Disclosure at https://portal.finzfin.com/1.txt	20	50
https://hackerone.com/reports/615336	Hiro	EXIF Geolocation Data Not Stripped From Uploaded Images	20	50
https://hackerone.com/reports/257335	Unikrn	ssh: unprivileged users may hijack due to backdated ssh version open port found(███.unikrn.com)	56	25
https://hackerone.com/reports/867513	Shopify	Takeover an account that doesn't have a Shopify ID and more	2982	0
https://hackerone.com/reports/791775	Shopify	Email Confirmation Bypass in myshop.myshopify.com that Leads to Full Privilege Escalation to Any Shop Owner by Taking Advantage of the Shopify SSO	1907	0
https://hackerone.com/reports/470520	Valve	RCE on Steam Client via buffer overflow in Server Info	1287	0
https://hackerone.com/reports/489146	HackerOne	Confidential data of users and limited metadata of programs and reports accessible via GraphQL	1028	0
https://hackerone.com/reports/921780	Snapchat	Improper Authentication - any user can login as other user with otp/logout & otp/login	962	0
https://hackerone.com/reports/796808	Shopify	[Part II] Email Confirmation Bypass in myshop.myshopify.com that Leads to Full Privilege Escalation	893	0
https://hackerone.com/reports/737140	Slack	Mass account takeovers using HTTP Request Smuggling on https://slackb.com/ to steal session cookies	864	0
https://hackerone.com/reports/422944	Shopify	H1514 Remote Code Execution on kitcrm using bulk customer update of Priority Products	829	0
https://hackerone.com/reports/403417	Semrush	Remote Code Execution on www.semrush.com/my_reports on Logo upload	823	0
https://hackerone.com/reports/228648	HackerOne	WannaCrypt “Killswitch”	808	0
https://hackerone.com/reports/531051	Starbucks	SQL Injection Extracts Starbucks Enterprise Accounting, Financial, Payroll Database	788	0
https://hackerone.com/reports/335330	Roblox	Subdomain Takeover to Authentication bypass 	776	0
https://hackerone.com/reports/716292	Starbucks	JumpCloud API Key leaked via Open Github Repository.	734	0
https://hackerone.com/reports/297478	GSA Bounty	SQL injection in https://labs.data.gov/dashboard/datagov/csv_to_json via User-agent 	694	0
https://hackerone.com/reports/506646	Starbucks	Webshell via File Upload on ecjobs.starbucks.com.cn	686	0
https://hackerone.com/reports/846338	Glassdoor	Reflected XSS on https://www.glassdoor.com/employers/sem-dual-lp/	684	0
https://hackerone.com/reports/792927	HackerOne	Email address of any user can be queried on Report Invitation GraphQL type when username is known	668	0
https://hackerone.com/reports/885975	Lyft	My Expense Report resulted in a Server-Side Request Forgery (SSRF) on Lyft	653	0
https://hackerone.com/reports/542340	Uber	Sensitive user information disclosure at bonjour.uber.com/marketplace/_rpc via the 'userUuid' parameter	641	0
https://hackerone.com/reports/322985	Upserve 	Ability to reset password for account	632	0
https://hackerone.com/reports/526325	GitLab	Stored XSS in Wiki pages	619	0
https://hackerone.com/reports/129873	X / xAI	Bypassing Digits origin validation which leads to account takeover	614	0
https://hackerone.com/reports/484434	Imgur	Stored XSS on imgur profile	608	0
https://hackerone.com/reports/396467	Snapchat	Github Token Leaked publicly for https://github.sc-corp.net	579	0
https://hackerone.com/reports/341876	Shopify	SSRF in Exchange leads to ROOT access in all instances	574	0
https://hackerone.com/reports/502758	Starbucks	RCE and Complete Server Takeover of http://www.█████.starbucks.com.sg/	569	0
https://hackerone.com/reports/740037	LY Corporation	Request smuggling on admin-official.line.me could lead to account takeover	563	0
https://hackerone.com/reports/313457	Snapchat	Publicly accessible Continuous Integration Tool	561	0
https://hackerone.com/reports/910300	Shopify	Email Confirmation Bypass in your-store.myshopify.com which leads to privilege escalation	557	0
https://hackerone.com/reports/771666	Eternal	Stealing Zomato X-Access-Token: in Bulk using HTTP Request Smuggling on api.zomato.com	557	0
https://hackerone.com/reports/544928	Ubiquiti Inc.	Privilege Escalation From user to SYSTEM via unauthenticated command execution 	551	0
https://hackerone.com/reports/401793	Grab	[Grab Android/iOS] Insecure deeplink leads to sensitive information disclosure	543	0
https://hackerone.com/reports/180074	Paragon Initiative Enterprises	BAD Code ! 	542	0
https://hackerone.com/reports/740989	Shopify	Shopify Stocky App OAuth Misconfiguration	524	0
https://hackerone.com/reports/2262382	HackerOne	Server Side Request Forgery (SSRF) via Analytics Reports	510	0
https://hackerone.com/reports/783877	Slack	Remote Code Execution in Slack desktop apps + bonus	506	0
https://hackerone.com/reports/1567186	Reddit	One-click account hijack for anyone using Apple sign-in with Reddit, due to response-type switch + leaking href to XSS on www.redditmedia.com	503	0
https://hackerone.com/reports/698579	LY Corporation	Able to Become Admin for Any LINE Official Account	491	0
https://hackerone.com/reports/816254	QIWI	SQL injection on contactws.contact-sys.com in TScenObject action ScenObjects leads to remote code execution	475	0
https://hackerone.com/reports/764434	HackerOne	profile-picture name parameter with large value lead to DoS for other users and programs on the platform	474	0
https://hackerone.com/reports/762510	HackerOne	How the Bug stole hacking	470	0
https://hackerone.com/reports/968082	TikTok	Cross-Site-Scripting on www.tiktok.com and m.tiktok.com leading to Data Exfiltration	467	0
https://hackerone.com/reports/684092	BlockDev Sp. Z o.o	Steal ALL collateral during liquidation by exploiting lack of validation in `flip.kick`	466	0
https://hackerone.com/reports/146336	Slack	XSS vulnerable parameter in a location hash	452	0
https://hackerone.com/reports/446271	X / xAI	CRLF injection	437	0
https://hackerone.com/reports/1342088	Flickr	Flickr Account Takeover using AWS Cognito API	436	0
https://hackerone.com/reports/202781	Uber	Chained Bugs to Leak Victim's Uber's FB Oauth Token	423	0
https://hackerone.com/reports/1622449	HackerOne	June 2022 Incident Report	421	0
https://hackerone.com/reports/631956	Valve	Panorama UI XSS leads to Remote Code Execution via Kick/Disconnect Message	417	0
https://hackerone.com/reports/530974	Snapchat	Server-Side Request Forgery using Javascript allows to exfill data from Google Metadata	416	0
https://hackerone.com/reports/314808	Reverb.com	Full account takeover	409	0
https://hackerone.com/reports/423541	Shopify	H1514 Server Side Template Injection in Return Magic email templates?	408	0
https://hackerone.com/reports/591302	Automattic	Denial of service to WP-JSON API by cache poisoning the CORS allow origin header	405	0
https://hackerone.com/reports/643908	WordPress	Stored XSS Vulnerability	402	0
https://hackerone.com/reports/1032468	X / xAI	Read-only application can publish/delete fleets	398	0
https://hackerone.com/reports/751577	Nord Security	IDOR allow access to payments data of any user	383	0
https://hackerone.com/reports/563870	Chrome	CVE-2019-5765: 1-click HackerOne account takeover on all Android devices	375	0
https://hackerone.com/reports/393615	Ed	Physical Laptop Takeover	373	0
https://hackerone.com/reports/1858574	HackerOne	[CVE-2022-44268] Arbitrary Remote Leak via ImageMagick	371	0
https://hackerone.com/reports/423467	Shopify	H1514 Ability to MiTM Shopify PoS Session to Takeover Communications	371	0
https://hackerone.com/reports/1065500	TikTok	Multiple bugs leads to RCE on TikTok for Android	370	0
https://hackerone.com/reports/946409	Yelp	RCE on build server via misconfigured pip install	365	0
https://hackerone.com/reports/1010522	TikTok	[CSRF] TikTok Careers Portal Account Takeover	365	0
https://hackerone.com/reports/409395	GitLab	Bypass of GitLab CI runner slash fix in YAML validation	360	0
https://hackerone.com/reports/1350887	TikTok	Reflected XSS in TikTok endpoints	355	0
https://hackerone.com/reports/1207040	X / xAI	Blind XSS on Twitter's internal Big Data panel at █████████████	355	0
https://hackerone.com/reports/905607	CS Money	[cs.money] Open Redirect Leads to Account Takeover	355	0
https://hackerone.com/reports/733248	Automattic	Stored XSS in wordpress.com	355	0
https://hackerone.com/reports/1133118	HackerOne	Hackerone is not properly deleting user id	354	0
https://hackerone.com/reports/502593	GitLab	Attacker is able to access commit title and team member comments which are supposed to be private	348	0
https://hackerone.com/reports/632101	GitLab	Server Side Request Forgery mitigation bypass	345	0
https://hackerone.com/reports/885539	X / xAI	Private list members disclosure via GraphQL	343	0
https://hackerone.com/reports/748123	Mail.ru	SSRF & LFR via on city-mobil.ru	343	0
https://hackerone.com/reports/676212	Semrush	Github information leaked	343	0
https://hackerone.com/reports/1969141	HackerOne	Insecure Direct Object Reference (IDOR) - Delete Campaigns  	342	0
https://hackerone.com/reports/590020	Internet Bug Bounty	CRLF Injection in urllib	340	0
https://hackerone.com/reports/683957	Mail.ru	[ RCE ] Through stopping the redirect in /admin/* the attacker able to bypass Authentication And Upload Malicious File	340	0
https://hackerone.com/reports/487008	Flickr	Arbitrary file read via ffmpeg HLS parser at https://www.flickr.com/photos/upload	339	0
https://hackerone.com/reports/487081	WordPress	Stored XSS in Private Message component (BuddyPress)	336	0
https://hackerone.com/reports/752402	Nord Security	Connection informaton is sent to a third-party service	331	0
https://hackerone.com/reports/2442008	HackerOne	Attachment disclosure via summary report 	330	0
https://hackerone.com/reports/868934	DuckDuckGo	DOM XSS on duckduckgo.com search	326	0
https://hackerone.com/reports/946053	Shopify	Stored XSS in my staff name fired in another your internal panel	324	0
https://hackerone.com/reports/210779	X / xAI	[Urgent] Invalidating OAuth2 Bearer token makes TweetDeck unavailable	322	0
https://hackerone.com/reports/2010530	Yelp	yelp.com XSS ATO (via login keylogger, link Google account)	321	0
https://hackerone.com/reports/999789	HackerOne	Getting New Invitations without Leaving Programs	321	0
https://hackerone.com/reports/397545	Valve	Malformed .BMP file in Counter-Strike 1.6 may cause shellcode injection	321	0
https://hackerone.com/reports/761304	MTN Group	 SQL Injection on cookie parameter	320	0
https://hackerone.com/reports/751347	Mail.ru	[fleet.city-mobil.ru] Driver balance increasing	319	0
https://hackerone.com/reports/500515	Starbucks	XXE at ecjobs.starbucks.com.cn/retail/hxpublic_v6/hxdynamicpage6.aspx	318	0
https://hackerone.com/reports/1501611	HackerOne	An attacker can archive and unarchive any structured scope object on HackerOne	317	0
https://hackerone.com/reports/851807	Nextcloud	Code injection possible with malformed Nextcloud Talk chat commands	317	0
https://hackerone.com/reports/703972	pixiv	Reset any password	312	0
https://hackerone.com/reports/665398	Starbucks	Subdomain takeover of datacafe-cert.starbucks.com	310	0
https://hackerone.com/reports/2306491	TikTok	Stored-XSS-ads.tiktok.com	309	0
https://hackerone.com/reports/1024575	TikTok	RCE on TikTok Ads Portal	309	0
https://hackerone.com/reports/796956	Shopify	Able to Takeover Merchants Accounts Even They Have Already Setup SSO, After Bypassing the Email Confirmation	308	0
https://hackerone.com/reports/270981	Shopify	Shopify admin authentication bypass using partners.shopify.com	308	0
https://hackerone.com/reports/143717	Uber	Change any Uber user's password through /rt/users/passwordless-signup - Account Takeover (critical)	308	0
https://hackerone.com/reports/498964	GitLab	Full access to internal Gitlab instances at redash.gitlab.com, dashboards.gitlab.com, prometheus.gitlab.com	305	0
https://hackerone.com/reports/897385	Glassdoor	2FA bypass by sending blank code	303	0
https://hackerone.com/reports/807924	Shopify	CSRF on connecting Paypal as Payment Provider	303	0
https://hackerone.com/reports/759247	Reverb.com	Race Condition allows to redeem multiple times gift cards which leads to free "money"	303	0
https://hackerone.com/reports/867952	Helium	HTTP request Smuggling	299	0
https://hackerone.com/reports/534450	Superhuman (formerly Grammarly)	Account takeover through the combination of cookie manipulation and XSS	288	0
https://hackerone.com/reports/770504	X / xAI	Bypass Password Authentication for updating email and phone number - Security Vulnerability	285	0
https://hackerone.com/reports/1077022	Brave Software	Brave Browser Tor Window leaks user's real IP to the external DNS server	280	0
https://hackerone.com/reports/431002	██████	Golden techniques to bypass host validations in Android apps	278	0
https://hackerone.com/reports/1234406	Bumble	Exfiltrating a victim's exact location (to within 5m)	276	0
https://hackerone.com/reports/110293	X / xAI	Insufficient OAuth callback validation which leads to Periscope account takeover	273	0
https://hackerone.com/reports/748069	Mail.ru	SSRF on fleet.city-mobil.ru leads to local file read	272	0
https://hackerone.com/reports/549882	Vimeo	SSRF  leaking internal google cloud data through upload function [SSH Keys, etc..]	272	0
https://hackerone.com/reports/300748	Coinbase	Ethereum account balance manipulation	272	0
https://hackerone.com/reports/1672388	GitLab	RCE via github import	271	0
https://hackerone.com/reports/2831902	Remitly	[CRITICAL] 0-Click Account Takeover via Password Reset [AUTH-3243] /orchestrator/v1/password_reset/start	270	0
https://hackerone.com/reports/771694	Semrush	An attacker can buy marketplace articles for lower prices as it allows for negative quantity values leading to business loss	266	0
https://hackerone.com/reports/605720	HackerOne	Team member with Program permission only can escalate to Admin permission	266	0
https://hackerone.com/reports/245296	Keybase	Persistent XSS on keybase.io via "payload" field in `/user/sigchain_signature.toffee` template	266	0
https://hackerone.com/reports/168116	X / xAI	Insufficient validation on Digits bridge	261	0
https://hackerone.com/reports/861940	Semrush	OAuth `redirect_uri` bypass using IDN homograph attack resulting in user's access token leakage	260	0
https://hackerone.com/reports/156098	Uber	XSS At "pages.et.uber.com"	259	0
https://hackerone.com/reports/743545	Bumble	Bruteforce password recovery code	258	0
https://hackerone.com/reports/248668	X / xAI	XXE on sms-be-vip.twitter.com in SXMP Processor	258	0
https://hackerone.com/reports/1189367	Evernote	Full read SSRF in www.evernote.com that can leak aws metadata and local file inclusion	257	0
https://hackerone.com/reports/876300	Starbucks	Singapore - Account Takeover via IDOR	257	0
https://hackerone.com/reports/396954	Rootstock Labs	Attacker can add arbitrary data to the blockchain without paying gas	257	0
https://hackerone.com/reports/493324	GitLab	Privilege escalation from any user (including external) to gitlab admin when admin impersonates you	252	0
https://hackerone.com/reports/2312029	HackerOne	View Titles of Private Reports with pending email invitation	249	0
https://hackerone.com/reports/1581240	Stripe	Mass Account Takeover at https://app.taxjar.com/ - No user Interaction	249	0
https://hackerone.com/reports/2487889	HackerOne	Insecure Direct Object Reference (IDOR) Allows Viewing Private Report Details via /bugs.json Endpoint	248	0
https://hackerone.com/reports/565883	GitLab	Bypass Email Verification -- Able to Access Internal Gitlab Services that use Login with Gitlab and Perform Check on email domain	246	0
https://hackerone.com/reports/1027822	Starbucks	Unrestricted File Upload Leads to RCE on mobile.starbucks.com.sg	244	0
https://hackerone.com/reports/411690	Alliance of American Football 	Stored xss in address field in billing activity at https://shop.aaf.com/Order/step1/index.cfm	244	0
https://hackerone.com/reports/748128	Mail.ru	SSRF & LFR on city-mobil.ru	237	0
https://hackerone.com/reports/463330	Rockstar Games	Account Takeover using Linked Accounts due to lack of CSRF protection	237	0
https://hackerone.com/reports/429026	HackerOne	Race condition in performing retest allows duplicated payments	237	0
https://hackerone.com/reports/876295	Starbucks	Misuse of an authentication cookie combined with a path traversal on app.starbucks.com permitted access to restricted data	236	0
https://hackerone.com/reports/962889	Acronis	SQL Injection in agent-manager	235	0
https://hackerone.com/reports/2353237	Reddit	Infromation Disclosure To Use of Hard-coded Cryptographic Key	234	0
https://hackerone.com/reports/341908	X / xAI	XSS via Direct Message deeplinks	234	0
https://hackerone.com/reports/592400	Starbucks	Blind SQLi leading to RCE, from Unauthenticated access to a test API Webservice	233	0
https://hackerone.com/reports/3154983	Mozilla	IDOR: Account Deletion via Session Misbinding – Attacker Can Delete Victim Account	231	0
https://hackerone.com/reports/703058	Roblox	Insecure redirect rule results in bypassing ban redirect on certain pages	229	0
https://hackerone.com/reports/511044	Eternal	[www.zomato.com] Availing Zomato Gold membership for free by tampering plan id(s) 	229	0
https://hackerone.com/reports/212696	Imgur	RCE by command line argument injection to `gm convert` in `/edit/process?a=crop`	229	0
https://hackerone.com/reports/878779	GitLab	Full Read SSRF on Gitlab's Internal Grafana	227	0
https://hackerone.com/reports/745938	Mail.ru	Boolean-based SQL Injection on relap.io	227	0
https://hackerone.com/reports/1181946	HackerOne	Static files on HackerOne.com can be made inaccessible through Cache Poisoning attack	226	0
https://hackerone.com/reports/1065041	FetLife	Google API key leaked to Public	225	0
https://hackerone.com/reports/708589	New Relic	Unsafe charts embedding implementation leads to cross-account stored XSS and SSRF	225	0
https://hackerone.com/reports/3178999	HackerOne	Account takeover of existing HackerOne accounts through SCIM provisioning	224	0
https://hackerone.com/reports/2101076	HackerOne	HackerOne SAML signup domain enforcement bypass results in unauthorized access to HackerOne PullRequest organization	224	0
https://hackerone.com/reports/1082847	Superhuman (formerly Grammarly)	Config override using non-validated query parameter allows at least reflected XSS by injecting configuration into state	222	0
https://hackerone.com/reports/713900	QIWI	Unauthenticated SSRF in jira.tochka.com leading to RCE in confluence.bank24.int	221	0
https://hackerone.com/reports/1031321	X / xAI	 Github Account hijack through broken link in developer.twitter.com	220	0
https://hackerone.com/reports/1795197	Glassdoor	Cache Poisoning allows redirection on JS files	219	0
https://hackerone.com/reports/928255	GitLab	Ability To Delete User(s) Account Without User Interaction	219	0
https://hackerone.com/reports/746505	Mail.ru	[panel.city-mobil.ru/admin/] Blind XSS into username	219	0
https://hackerone.com/reports/483774	DuckDuckGo	XXE on https://duckduckgo.com	217	0
https://hackerone.com/reports/1504410	Reddit	XSS via Mod Log Removed Posts	216	0
https://hackerone.com/reports/2180521	HackerOne	Google Docs link in JS files allows editing & reading survey information	215	0
https://hackerone.com/reports/751581	Nord Security	Password Reset Link Leaked In Refer Header In Request To Third Party Sites 	215	0
https://hackerone.com/reports/1475520	TikTok	IDOR delete any Tickets on ads.tiktok.com	214	0
https://hackerone.com/reports/391092	Yelp	I.D.O.R To Order,Book,Buy,reserve On YELP FOR FREE (UNAUTHORIZED USE OF OTHER USER'S CREDIT CARD)	212	0
https://hackerone.com/reports/692252	GitLab	Group search leaks private MRs, code, commits	211	0
https://hackerone.com/reports/363815	Pornhub	Blind SQL injection and making any profile comments from any users to disappear using "like" function (2 in 1 issues)	211	0
https://hackerone.com/reports/317476	X / xAI	Account Takeover in Periscope TV	210	0
https://hackerone.com/reports/303061	LocalTapiola	RCE using bash command injection on /system/images (toimitilat.lahitapiola.fi)	209	0
https://hackerone.com/reports/508459	Omise	SSRF in webhooks leads to AWS private keys disclosure	208	0
https://hackerone.com/reports/549355	Starbucks	Blind SQL Injection on starbucks.com.gt and WAF Bypass  :*	208	0
https://hackerone.com/reports/3081691	hostinger 	1 Click Account Takeover via Auth Token Theft on marketing.hostinger.com	207	0
https://hackerone.com/reports/329689	Mapbox	Test-scripts for postgis in mason-repository using unsafe unzip of content from unclaimed bucket creates potential RCE-issues	207	0
https://hackerone.com/reports/328526	Coinbase	ETH contract handling errors	207	0
https://hackerone.com/reports/1083543	Mail.ru	Debug Mode Leak Critical Information [ AWS Keys , SMTP , Database , Django Secret Key ( RCE )  , Dodoc , Telegram , Twilio .. ]	205	0
https://hackerone.com/reports/2885636	Drugs.com	2FA Bypass leads to  impersonation of legimate users	203	0
https://hackerone.com/reports/2218334	HackerOne	IDOR vulnerability in unreleased HackerOne Copilot feature	203	0
https://hackerone.com/reports/1661113	Reddit	IDOR allows an attacker to modify the links of any user	201	0
https://hackerone.com/reports/1220747	HackerOne	HackerOne making payments in USDC (Coinbase stable coin)	201	0
https://hackerone.com/reports/815215	HackerOne H1P BBP1	Testing	201	0
https://hackerone.com/reports/389108	Superhuman (formerly Grammarly)	Handling of `tracking` command allows making arbitrary blind requests with user's cookies from Grammarly Extension's origin	200	0
https://hackerone.com/reports/915114	Automattic	IDOR when editing users leads to Account Takeover without User Interaction at CrowdSignal	199	0
https://hackerone.com/reports/488269	Rockstar Games	Stealing Facebook OAuth Code Through Screenshot viewer	199	0
https://hackerone.com/reports/84601	X / xAI	XSS and cache poisoning via upload.twitter.com on ton.twitter.com	198	0
https://hackerone.com/reports/769016	Starbucks	sdrc.starbucks.com - Information Disclosure via unsecured attachment directory	197	0
https://hackerone.com/reports/1711938	GitHub	Github Apps can use Scoped-User-To-Server Tokens to Obtain Full Access to User's Projects in Project V2 GraphQL api	196	0
https://hackerone.com/reports/1007689	HackerOne	2020-10-09 Credential Stuffing Attack	195	0
https://hackerone.com/reports/1034257	HackerOne	Indexing of urls on the "External link warning" pages discloses many vulnerable endpoints from the past and unlisted videos/photos	194	0
https://hackerone.com/reports/816086	QIWI	Remote Code Execution on contactws.contact-sys.com via SQL injection in TCertObject operation "Delete"	194	0
https://hackerone.com/reports/422043	Shopify	H1514 DOMXSS on Embedded SDK via Shopify.API.setWindowLocation abusing cookie Stuffing	194	0
https://hackerone.com/reports/220852	Rockstar Games	XSS STORED AT socialclub.rockstargames.com (add friend request from profile attacker)	193	0
https://hackerone.com/reports/2579939	GitHub	SAML Signature verification bypass allows logging into any user (with specific conditions)	192	0
https://hackerone.com/reports/380103	U.S. Dept Of Defense	Stored Xss Vulnerability on ████████	191	0
https://hackerone.com/reports/759454	DataStax	Helpdesk Takeover at dmc.datastax.com	191	0
https://hackerone.com/reports/286740	Internet Bug Bounty	Key Reinstallation Attacks: Breaking WPA2 by forcing nonce reuse	191	0
https://hackerone.com/reports/865828	Nord Security	Incorrect control of the trial period	188	0
https://hackerone.com/reports/424443	PayPal	[PayPal Android] Remote theft of user session using push_notification_webview deeplink	187	0
https://hackerone.com/reports/871749	HackerOne	Unauthorized access to metadata of undisclosed reports that were retested	186	0
https://hackerone.com/reports/761726	Keybase	SOP bypass using browser cache	185	0
https://hackerone.com/reports/412021	██████	Remote Command execution due to image tragick	184	0
https://hackerone.com/reports/442901	Khan Academy	Take over of accounts created using Google or Facebook	181	0
https://hackerone.com/reports/219205	Uber	Authentication bypass on auth.uber.com via subdomain takeover of saostatic.uber.com	181	0
https://hackerone.com/reports/1596663	Reddit	Admin can create a hidden admin account  which even the owner can not detect and remove and do administrative actions on the application.	180	0
https://hackerone.com/reports/438240	Starbucks	Reflected Cross site Scripting (XSS) on www.starbucks.com	180	0
https://hackerone.com/reports/1069335	h1-ctf	How The Hackers Saved Christmas	179	0
https://hackerone.com/reports/295841	Pornhub	Blind SQL injection in Hall of Fap	179	0
https://hackerone.com/reports/1457471	Shopify	Limited Privilege User Can Create Unauthorized Referrals on partners.shopify.com	176	0
https://hackerone.com/reports/707433	HackerOne	Disclosure of `payment_transactions` for programs via GraphQL query	176	0
https://hackerone.com/reports/974222	Automattic	IDOR leads to Edit Anyone's Blogs / Websites	175	0
https://hackerone.com/reports/664038	X / xAI	protected Tweet settings overwritten by other settings	175	0
https://hackerone.com/reports/473950	Keybase	XSS on Desktop Client	175	0
https://hackerone.com/reports/1145162	Shopify	XSS  at https://exchangemarketplace.com/blogsearch	173	0
https://hackerone.com/reports/727727	LY Corporation	Path traversal in filename in LINE Mac client	173	0
https://hackerone.com/reports/898528	Shopify	GraphQL AdminGenerateSessionPayload is leaked to staff with no permission	173	0
https://hackerone.com/reports/642515	Nextcloud	User can delete data in shared folders he's not autorized to access	172	0
https://hackerone.com/reports/667739	Superhuman (formerly Grammarly)	Previously created sessions continue being valid after MFA activation	172	0
https://hackerone.com/reports/435066	HackerOne	SQL injection in GraphQL endpoint through embedded_submission_form_uuid parameter	172	0
https://hackerone.com/reports/395296	██████	Phone Call to XXE via Interactive Voice Response	172	0
https://hackerone.com/reports/971386	Google	CVE-2020-8913 - Persistent arbitrary code execution in Android's Google Play Core Library: details, explanation and the PoC	171	0
https://hackerone.com/reports/792998	HackerOne	404-response contains debug-information with all headers	170	0
https://hackerone.com/reports/837400	Semrush	IDOR in the https://market.semrush.com/	170	0
https://hackerone.com/reports/1665658	GitLab	Stored-XSS with CSP-bypass via labels' color	169	0
https://hackerone.com/reports/1039315	Automattic	Sql injection on docs.atavist.com	168	0
https://hackerone.com/reports/240821	Radancy	Ability To Takeover any account by Emaill.	168	0
https://hackerone.com/reports/2633771	HackerOne	IDOR Vulnerability at AddTagToAssets operation name	167	0
https://hackerone.com/reports/364843	Upserve 	OLO Total price manipulation using negative quantities	165	0
https://hackerone.com/reports/1727221	HackerOne	Improper CSRF token validation allows attackers to access victim's accounts linked to Hackerone	163	0
https://hackerone.com/reports/1667998	KAYAK	1 click Account takeover via deeplink in [com.kayak.android]	163	0
https://hackerone.com/reports/436928	WordPress	RCE as Admin defeats WordPress hardening and file permissions	163	0
https://hackerone.com/reports/398641	DuckDuckGo	SSRF on duckduckgo.com/iu/	163	0
https://hackerone.com/reports/1224660	Acronis	bypass sql injection #1109311	162	0
https://hackerone.com/reports/644238	Lark Technologies	Server Side Request Forgery	162	0
https://hackerone.com/reports/790061	Glassdoor	Site wide CSRF affecting both job seeker and Employer account on glassdoor.com	162	0
https://hackerone.com/reports/752073	Nord Security	xmlrpc.php FILE IS enable it will used for Bruteforce attack and Denial of Service(DoS)	162	0
https://hackerone.com/reports/723974	Moneybird	Bypass password reset rate limit protection at moneybird.com/passwords	162	0
https://hackerone.com/reports/2868084	TikTok	Unauthorized Access to TikTok Account [Private Videos] via API Endpoint	161	0
https://hackerone.com/reports/536853	HackerOne	Unreleased CTF Levels are Revealed on /group/user/ID1?user=USERID endpoint	160	0
https://hackerone.com/reports/127844	HackerOne	Web Authentication Endpoint Credentials Brute-Force Vulnerability	160	0
https://hackerone.com/reports/321699	X / xAI	Takeover of Twitter-owned domain at mobileapplinking.com	159	0
https://hackerone.com/reports/1699762	Shopify	XSS in www.shopify.com/markets?utm_source=	158	0
https://hackerone.com/reports/709883	New Relic	Cross-account stored XSS at embedded charts	158	0
https://hackerone.com/reports/486732	DuckDuckGo	Partial bypass of #483774 with Blind XXE on https://duckduckgo.com	158	0
https://hackerone.com/reports/514488	Pornhub	CRITICAL ISSUE : Leak of all accounts mail login md5 pass and more	157	0
https://hackerone.com/reports/507494	Rockstar Games	xss on https://www.rockstargames.com/GTAOnline/jp/screens/ 	157	0
https://hackerone.com/reports/783258	Localize	2-factor authentication can be disabled when logged in without confirming account password	157	0
https://hackerone.com/reports/783360	Stripo Inc	Open memory dump method leaking customer information ,secret keys , password , source code & admin accounts	157	0
https://hackerone.com/reports/1698316	Expedia Group Bug Bounty	Cache Deception Allows Account Takeover	156	0
https://hackerone.com/reports/837729	Shopify	Session works after logout from Shopify account and password of online store is displayed	156	0
https://hackerone.com/reports/1051373	Reddit	XSS Reflected on reddit.com via url path	155	0
https://hackerone.com/reports/998398	Elastic	Prototype Pollution leads to XSS on https://blog.swiftype.com/#__proto__[asd]=alert(document.domain)	155	0
https://hackerone.com/reports/739251	Algolia	Information disclosure via a misconfigured third-party product	155	0
https://hackerone.com/reports/3024673	Autodesk	SSRF in Autodesk Rendering leading to account takeover	154	0
https://hackerone.com/reports/337755	LinkedIn	Can delete other user's post and company page post	154	0
https://hackerone.com/reports/159156	HackerOne	Hacker.One Subdomain Takeover	154	0
https://hackerone.com/reports/2372363	HackerOne	LLM01: Invisible Prompt Injection	153	0
https://hackerone.com/reports/766578	Affirm	Absence of Token expiry leads to Unauthorized login Access	152	0
https://hackerone.com/reports/514664	50m-ctf	$50 million CTF Writeup	152	0
https://hackerone.com/reports/381356	HackerOne	Client-Side Race Condition using Marketo, allows sending user to data-protocol in Safari when form without onSuccess is submitted on www.hackerone.com	152	0
https://hackerone.com/reports/207042	HackerOne	Stealing contact form data on www.hackerone.com using Marketo Forms XSS with postMessage frame-jumping and jQuery-JSONP	152	0
https://hackerone.com/reports/251747	Frans Visits Vegas	Frans Visits Vegas Announcement	152	0
https://hackerone.com/reports/258084	Nextcloud	Access to all files of remote user through shared file	151	0
https://hackerone.com/reports/672664	BlockDev Sp. Z o.o	Steal collateral during `end` process, by earning DSR interest after `flow`.	151	0
https://hackerone.com/reports/351014	Valve	Malformed .BSP Access Violation in CS:GO can lead to Remote Code Execution	151	0
https://hackerone.com/reports/604534	HackerOne	Race Condition leads to undeletable group member	150	0
https://hackerone.com/reports/401940	PayPal	[Venmo Android] Remote theft of user session	150	0
https://hackerone.com/reports/983548	QIWI	MobileIron Unauthenticated RCE on mdm.qiwi.com with WAF bypass	148	0
https://hackerone.com/reports/2958619	MTN Group	SQLi | in URL paths	147	0
https://hackerone.com/reports/2530242	HackerOne	[ Spot Check ] Team members can edit a user's write-up	147	0
https://hackerone.com/reports/507132	New Relic	Stored XSS in notes (charts) because of insecure chart data JSON generation	147	0
https://hackerone.com/reports/1173040	HackerOne	Stored XSS in IE11 on hackerone.com via custom fields 	146	0
https://hackerone.com/reports/1064869	Shopify	Informations disclosure - Access to some checkout informations	146	0
https://hackerone.com/reports/983331	Stripo Inc	Public and secret api key leaked  in JavaScript source	146	0
https://hackerone.com/reports/179828	Paragon Initiative Enterprises	DMARC  Not found for paragonie.com   URGENT	146	0
https://hackerone.com/reports/1946534	Brave Software	Open redirect due to scanning QR code via brave browser	145	0
https://hackerone.com/reports/1403176	Acronis	IDOR vulnerability (Price manipulation)	145	0
https://hackerone.com/reports/768151	U.S. Dept Of Defense	Bypassing CORS Misconfiguration Leads to Sensitive Exposure	145	0
https://hackerone.com/reports/534794	GitLab	Importing GitLab project archives can replace uploads of other users	145	0
https://hackerone.com/reports/2014955	inDrive	#1 XSS on watchdocs.indriverapp.com	144	0
https://hackerone.com/reports/273099	Shopify	User with removed manage shops permissions is still able to make changes to a shop 	144	0
https://hackerone.com/reports/649533	Moneybird	Enable 2FA without verifying the email	144	0
https://hackerone.com/reports/268382	GSA Bounty	Nginx misconfiguration leading to direct PHP source code download	144	0
https://hackerone.com/reports/423136	Shopify	H1514 Session Fixation on multiple shopify-built apps on *.shopifycloud.com and *.shopifyapps.com	144	0
https://hackerone.com/reports/329798	HackerOne	h1-202 leaderboard photo discloses local wifi password 	144	0
https://hackerone.com/reports/1577940	HackerOne	Banned user still has access to their deleted account via HackerOne's API using their API key	143	0
https://hackerone.com/reports/2424815	PortSwigger Web Security	[portswigger.net] Path Traversal al /cms/audioitems	143	0
https://hackerone.com/reports/772118	Mail.ru	[c-api.city-mobil.ru] Client authentication bypass leads to information disclosure	143	0
https://hackerone.com/reports/323005	Imgur	CSRF leads to a stored self xss	143	0
https://hackerone.com/reports/473742	Starbucks	Bug in GraphQL and API integration leads to limited user address disclosure	143	0
https://hackerone.com/reports/221869	Homebrew	Email enumeration of users	143	0
https://hackerone.com/reports/1760403	Linktree	Account takeover - improper validation of jwt signature (with regards  to experiation date claim)	141	0
https://hackerone.com/reports/999765	Acronis	Ticket Trick at https://account.acronis.com	141	0
https://hackerone.com/reports/206591	Uber	Open Redirect on central.uber.com allows for account takeover	141	0
https://hackerone.com/reports/397527	Grab	Leaking sensitive information on Github lead full access to all Grab Slack channels 	141	0
https://hackerone.com/reports/156536	Uber	Reading Emails in Uber Subdomains	141	0
https://hackerone.com/reports/2473173	pixiv	Internal logs/info leaked via endpoint {https://203.137.128.240/server-status}	140	0
https://hackerone.com/reports/819088	X / xAI	character limitation bypass can lead to DoS on Twitter App and 500 Internal Server Error	140	0
https://hackerone.com/reports/747825	BlockDev Sp. Z o.o	[blog.makerdao.com] Multiple Vulnerabilities - Leads to leakage user admin sensitive exposure	140	0
https://hackerone.com/reports/770349	X / xAI	Reflected XSS in twitterflightschool.com	140	0
https://hackerone.com/reports/2974307	Autodesk	Stored XSS via Post Tittle Enabling Non-Privileged User to Privileged User Exploitation on https://forums.autodesk.com/	139	0
https://hackerone.com/reports/2950536	U.S. Dept Of Defense	Applicant security exam Attachments/Documents accessible through an IDOR/BAC on the custom Apex controller on https://█████.mil 	139	0
https://hackerone.com/reports/395729	Superhuman (formerly Grammarly)	`socket` command allows sending data over WebSockets to arbitrary origins from Grammarly Extension	139	0
https://hackerone.com/reports/271506	HackerOne	Banned researcher gets email updates on a private program.	139	0
https://hackerone.com/reports/745495	Superhuman (formerly Grammarly)	Unauthenticated users can access all food.grammarly.io user's data	138	0
https://hackerone.com/reports/2495989	MercadoLibre	Sale cancellations from other sellers without restrictions	137	0
https://hackerone.com/reports/2957962	XVIDEOS	Open redirect	137	0
https://hackerone.com/reports/836877	Informatica	XXE through injection of a payload in the XMP metadata of a JPEG file	137	0
https://hackerone.com/reports/477771	OLX	XSS - main page - search[user_id] parameter	137	0
https://hackerone.com/reports/196655	HackerOne	Disclose any user's private email through API	137	0
https://hackerone.com/reports/2718253	Insightly	Email verification bypass via request  to endpoint "accounts.insightly.com/signup/provisionuser"	136	0
https://hackerone.com/reports/2583874	TikTok	DOM XSS in tiktok.com/login via the redirect_url parameter	136	0
https://hackerone.com/reports/2300358	inDrive	SSRF in https://couriers.indrive.com/api/file-storage	136	0
https://hackerone.com/reports/753835	PayPal	Reflected XSS at https://www.paypal.com/ppcreditapply/da/us	136	0
https://hackerone.com/reports/694141	██████	Directory Traversal in uftpd 2.6-2.10	136	0
https://hackerone.com/reports/629892	Superhuman (formerly Grammarly)	Lack of CSRF header validation at https://g-mail.grammarly.com/profile	136	0
https://hackerone.com/reports/3459285	Stripo Inc	[Critical] Unauthorized Cross-Tenant Data Access in Stripo AI Hub Campaign via Deleted Project.	135	0
https://hackerone.com/reports/2483422	HackerOne	Payload delivery via Social Media urls on H1 profile	135	0
https://hackerone.com/reports/1046084	Automattic	SQL Injection Union Based	135	0
https://hackerone.com/reports/824689	GitLab	Send arbitrary PUT requests when user clicks on a link	135	0
https://hackerone.com/reports/2516732	Basecamp	Account takeover via insecure intent handling  	134	0
https://hackerone.com/reports/1110229	DuckDuckGo	Reflected/Stored XSS on duckduckgo.com	134	0
https://hackerone.com/reports/922597	Node.js	HTTP Request Smuggling due to CR-to-Hyphen conversion	134	0
https://hackerone.com/reports/512968	Eternal	[api.zomato.com] Able to manipulate order amount	134	0
https://hackerone.com/reports/85624	X / xAI	Highly wormable clickjacking in player card	134	0
https://hackerone.com/reports/202767	HackerOne	Subdomain takeover at info.hacker.one	134	0
https://hackerone.com/reports/2085260	HackerOne	Takeover of hackerone.engineering via Github	133	0
https://hackerone.com/reports/1424094	Glassdoor	Web Cache Poisoning leads to Stored XSS 	133	0
https://hackerone.com/reports/1257428	Shopify	Create free Shopify application credits.	133	0
https://hackerone.com/reports/2598548	HackerOne	Bypassing HackerOne 2FA due to race condition	132	0
https://hackerone.com/reports/592316	WordPress	Stored XSS on byddypress Plug-in via groups name	132	0
https://hackerone.com/reports/1114347	Mattermost	Account takeover due to misconfiguration	131	0
https://hackerone.com/reports/748903	Semrush	Unrestricted file upload in www.semrush.com > /my_reports/api/v1/upload/image	131	0
https://hackerone.com/reports/2635315	MTN Group	Yet Another OTP code Leaked in the API Response	130	0
https://hackerone.com/reports/739962	Mail.ru	SSRF in filtering on relap.io	130	0
https://hackerone.com/reports/3255473	Tucows (VDP)	Business Logic Error – Bypass of OTP Verification During Signup on hover.com	129	0
https://hackerone.com/reports/2280279	MetaMask	total Failure of password protection while extracting seed phrase! increases attack surface area for scammers	129	0
https://hackerone.com/reports/894922	Nintendo	[3DS][SSL] Improper certificate validation allows an attacker to perform MitM attacks	129	0
https://hackerone.com/reports/614523	Eternal	Able to manipulate order amount by removing cancellation amount and cause financial impact	129	0
https://hackerone.com/reports/1044698	Automattic	[intensedebate.com] SQL Injection Time Based On /js/commentAction/	128	0
https://hackerone.com/reports/576857	Shipt	Multiple Subdomain Takeovers: fly.staging.shipt.com, fly.us-west-2.staging.shipt.com, fly.us-east-1.staging.shipt.com	128	0
https://hackerone.com/reports/374919	HackerOne	Content spoofing and potential Cross-Site Scripting vulnerability on www.hackerone.com	128	0
https://hackerone.com/reports/1754843	Shopify	Reflected XSS In Marketing Reports Page On *.myshopify.com/admin	127	0
https://hackerone.com/reports/2971572	Autodesk	Stored Cross-Site Scripting found in custom integration app on https://admin.b360.autodesk.com.	127	0
https://hackerone.com/reports/1773609	MTN Group	IDOR at mtnmobad.mtnbusiness.com.ng leads to PII leakage. 	127	0
https://hackerone.com/reports/1040047	Automattic	Email Verification bypass on signup	127	0
https://hackerone.com/reports/975827	Automattic	Permanent DoS with one click.	127	0
https://hackerone.com/reports/685909	HackerOne	Searching from Hacktivity returns hits for words in limited disclosure reports that are not visible	127	0
https://hackerone.com/reports/137723	Pornhub	vulnerabilitie	127	0
https://hackerone.com/reports/990878	CS Money	IDOR in https://3d.cs.money/	126	0
https://hackerone.com/reports/126522	X / xAI	Incorrect param parsing in Digits web authentication	126	0
https://hackerone.com/reports/3578842	IBM	SQL Injection vulnerability found on ibm.com endpoint	125	0
https://hackerone.com/reports/3085742	Bykea	IDOR on in-app hardcoded zombie endpoint  	124	0
https://hackerone.com/reports/2139260	Snapchat	Intent Leads To Unauthorised Video Call Initiation Leaking Surrounding Informations Of Victim	124	0
https://hackerone.com/reports/867616	X / xAI	XSS via referrer parameter	124	0
https://hackerone.com/reports/681617	Brave Software	Stored XSS in localhost:* via integrated torrent downloader	124	0
https://hackerone.com/reports/643622	Semrush	SSRF In Get Video Contents	124	0
https://hackerone.com/reports/546753	Nextcloud	Remote Code Execution via Extract App Plugin	124	0
https://hackerone.com/reports/146845	HackerOne	Race Conditions in Popular reports feature.	124	0
https://hackerone.com/reports/2295958	TikTok	Exploitable live argument in onClick Function leads to Data Leakage of Inactive/Suspended Products	123	0
https://hackerone.com/reports/2524562	WakaTime	IDOR to view order information of users and personal information	123	0
https://hackerone.com/reports/1915808	TikTok	Reflected Cross-site Scripting (XSS) at https://www.tiktok.com/	123	0
https://hackerone.com/reports/3249794	ExpressionEngine	SQL injection in structure plugin	122	0
https://hackerone.com/reports/2054283	Node.js	Improper HTTP header block termination in llhttp	122	0
https://hackerone.com/reports/2542372	MTN Group	FULL ACCOUNT TAKEOVER	122	0
https://hackerone.com/reports/1598347	HackerOne	Stored XSS on www.hackerone.com due to deleted S3-bucket from old page_widget	122	0
https://hackerone.com/reports/1116387	Uber	IDOR leads to leak analytics of any restaurant	122	0
https://hackerone.com/reports/1020371	Basecamp	User can upload files even after closing his account	122	0
https://hackerone.com/reports/661751	Starbucks	Subdomain takeover of d02-1-ag.productioncontroller.starbucks.com	122	0
https://hackerone.com/reports/570651	Starbucks	Subdomain takeover of mydailydev.starbucks.com	122	0
https://hackerone.com/reports/419655	Uber	Client secret, server tokens for developer applications returned by internal API	122	0
https://hackerone.com/reports/272578	Slack	Unauthenticated LFI revealing log information	122	0
https://hackerone.com/reports/164224	Unikrn	Urgent: Server side template injection via Smarty template allows for RCE	122	0
https://hackerone.com/reports/2965723	HackerOne	Ability to access policy and updates for unauthorized program	121	0
https://hackerone.com/reports/922418	Mail.ru	SMS Brute Force Possibility via https://youdrive.today/login/web/code can lead to Account Takeover	121	0
https://hackerone.com/reports/291057	Valve	MySQL username and password leaked in developer.valvesoftware.com via source code dislosure	121	0
https://hackerone.com/reports/202823	X / xAI	Vine all registered user Private/sensitive information disclosure .[ Ip address/phone no/email and many other informations ]	121	0
https://hackerone.com/reports/1525200	Palantir Public	SQL Injection at https://files.palantir.com/ due to CVE-2021-38159	120	0
https://hackerone.com/reports/1001255	Nord Security	Possible RCE through Windows Custom Protocol on Windows client	120	0
https://hackerone.com/reports/207170	Slack	Stealing xoxs-tokens using weak postMessage / call-popup redirect to current team domain	120	0
https://hackerone.com/reports/1733627	TikTok	IDOR for changing privacy settings on any memories	119	0
https://hackerone.com/reports/425007	LinkedIn	Persistent XSS (unvalidated Open Graph embed) at LinkedIn.com	119	0
https://hackerone.com/reports/206227	Imgur	Remote Code Execution on Git.imgur-dev.com 	119	0
https://hackerone.com/reports/2991326	Hemi VDP	Cloudflare WAF Bypass - Origin IP Exposure	118	0
https://hackerone.com/reports/2450215	HackerOne	Any user could upload attachments to pentest scoping form they don't have access to	118	0
https://hackerone.com/reports/1618100	A.S. Watson Group 	PII Disclosure At `theperfumeshop.com/register/forOrder`	118	0
https://hackerone.com/reports/1832494	EXNESS	Blind SSRF on https://my.exnessaffiliates.com/ allows for internal network enumeration	118	0
https://hackerone.com/reports/1842674	Krisp	SQL Injection + Insecure Deserialization leads to Remote Code Execution on https://krisp.ai	118	0
https://hackerone.com/reports/1639802	Glassdoor	[CRITICAL] Full account takeover without user interaction on sign with Apple flow	118	0
https://hackerone.com/reports/1285115	HackerOne	Leaked H1's Employees Email addresses,meeting info on private bug bounty program ████████	118	0
https://hackerone.com/reports/1273292	HackerOne	Internal Gitlab Ticket Disclosure via External Slack Channels	118	0
https://hackerone.com/reports/853637	Mail.ru	"😂" + Unauthenticated Stored XSS in API at https://api.my.games/comments/v1/comments/update/	118	0
https://hackerone.com/reports/816560	QIWI	SQL injection on contactws.contact-sys.com in TRateObject.AddForOffice in USER_ID parameter leads to remote code execution	118	0
https://hackerone.com/reports/768266	U.S. Dept Of Defense	Public instance of Jenkins on https://██████████/ with /script enabled	118	0
https://hackerone.com/reports/205481	WordPress	Wordpress unzip_file path traversal	118	0
https://hackerone.com/reports/707720	Automattic	Stored XSS vulnerability in comments on *.wordpress.com	118	0
https://hackerone.com/reports/705420	Internet Bug Bounty	A reflected XSS in python/Lib/DocXMLRPCServer.py	118	0
https://hackerone.com/reports/309531	Rockstar Games	Stored XSS in Snapmatic + R★Editor comments	118	0
https://hackerone.com/reports/210741	Rockstar Games	Unserialize leading to arbitrary PHP function invoke	118	0
https://hackerone.com/reports/208978	X / xAI	[URGENT] Opportunity to publish tweets on any twitters account	118	0
https://hackerone.com/reports/882733	Xiaomi	Insecure file upload in xiaoai.mi.com Lead to Stored  XSS	117	0
https://hackerone.com/reports/549364	HackerOne	Account recovery text message is sending a wrong domain to users.	117	0
https://hackerone.com/reports/1760213	Expedia Group Bug Bounty	Cache Poisoning Allows Stored XSS Via hav Cookie Parameter (To Account Takeover)	116	0
https://hackerone.com/reports/810872	Mail.ru	web.icq.com XSS in chat message via contact info	116	0
https://hackerone.com/reports/763994	Shopify	Disclose Any Store products, Files, Purchase Orders Via Email through Shopify Stocky APP 	116	0
https://hackerone.com/reports/3115705	Dust	Stored XSS in File Upload Leads to Privilege Escalation and Full Workspace Takeover	115	0
https://hackerone.com/reports/1716300	LinkedIn	Unauthorized User can View Subscribers of Other Users Newsletters	115	0
https://hackerone.com/reports/901728	Rockstar Games	SocialClub Account Take Over Through Import Friends feature	115	0
https://hackerone.com/reports/397792	HackerOne	@wearehackerone.com is vulnerable to namespace attacks due to hackerone.com not being RFC2142 compliant.	115	0
https://hackerone.com/reports/397478	Keybase	Privilege Escalation via Keybase Helper	115	0
https://hackerone.com/reports/258117	Snapchat	RCE/LFI on test Jenkins instance due to improper authentication flow	115	0
https://hackerone.com/reports/158872	OLX	[Critical] Delete any account 	115	0
https://hackerone.com/reports/3475626	LinkedIn	Session Cookie Leakage via Static Header Field in WebViewerFragment	114	0
https://hackerone.com/reports/3181066	Lichess	Path Traversal Vulnerability in Lila Project	114	0
https://hackerone.com/reports/2083771	U.S. Dept Of Defense	 Remote Code Execution and AWS IAM Credentials Exfiltration in https://████████/	114	0
https://hackerone.com/reports/1890284	TikTok	Unrestricted File Upload on https://partner.tiktokshop.com/wsos_v2/oec_partner/upload	114	0
https://hackerone.com/reports/390386	Uber	Reflected XSS on https://www.uber.com 	114	0
https://hackerone.com/reports/768322	Concrete CMS	Remote Code Execution (Reverse Shell) - File Manager	114	0
https://hackerone.com/reports/659248	Starbucks	China – Limited Partner PII Regarding Work Scheduling via Unauthenticated API Endpoint	114	0
https://hackerone.com/reports/178152	GitLab	Read files on application server, leads to RCE	114	0
https://hackerone.com/reports/668439	BCM Messenger	IDOR leading to downloading of any attachment	113	0
https://hackerone.com/reports/2946927	Nextcloud	Sensitive Information Disclosure via Back Button Post Logout on https://apps.nextcloud.com/account/	112	0
https://hackerone.com/reports/2828271	Internet Bug Bounty	Apache Airflow: Sensitive Information Exposure in DAG Run Logs	112	0
https://hackerone.com/reports/1632973	Kindred Group	[www.32red.com] Reverse proxy misconfiguration leads to 1-click account takeover	112	0
https://hackerone.com/reports/1483327	Stripe	CSRF token validation system is disabled on Stripe Dashboard	112	0
https://hackerone.com/reports/897244	Zivver	XXE Injection through SVG image upload leads to SSRF	112	0
https://hackerone.com/reports/312543	Semrush	XXE in Site Audit function exposing file and directory contents	112	0
https://hackerone.com/reports/3378540	HackerOne	Lack of Validation in Reward Redemption Allows Unlimited Burp Suite License Abuse	111	0
https://hackerone.com/reports/293490	Eternal	[www.zomato.com] Leaking Email Addresses of merchants via reset password feature	111	0
